名称,分类,地址,经度_WGS84,纬度_WGS84,定位质量,来源平台,原始坐标系,原始经度,原始纬度,来源链接,营业状态
luckin coffee瑞幸咖啡(九华山风景区店),food,池州市青阳县九华镇九华山风景区芙蓉路14-15号,117.7954854,30.4800848,unverified_listing,360,GCJ-02,117.80081,30.477589,https://map.360.cn/?pid=ef90ae4f1961599c,公开平台收录，当前营业状态未核实
一览土菜馆,food,池州市青阳县九华镇芙蓉路75号(近月身宝殿),117.795203,30.480385,unverified_listing,360,GCJ-02,117.800528,30.47789,https://map.360.cn/?pid=94c1b414ca36308b,公开平台收录，当前营业状态未核实
一顶一地方菜馆(九华山店),food,九华山景区内,117.7968236,30.4836916,converted_listing,ctrip,BD-09,117.808683,30.487055,https://you.ctrip.com/yougourmet/restdetail/jiuhuamountain182/154270105.html,公开平台收录，当前营业状态未核实
三九拉面馆,food,九华山风景区内(西侧),117.7930571,30.4824518,converted_listing,ctrip,BD-09,117.804939,30.48576,https://you.ctrip.com/yougourmet/restdetail/jiuhuamountain182/153643648.html,公开平台收录，当前营业状态未核实
三佳酒楼(九华山店),food,芙蓉路54号,117.7954437,30.4790929,converted_listing,ctrip,BD-09,117.807307,30.482433,https://you.ctrip.com/yougourmet/restdetail/jiuhuamountain182/30620237.html,公开平台收录，当前营业状态未核实
上海饭店(芙蓉路店),food,九华山财神殿东涯宾馆马路向前走月亮湾市场2层(大悲楼中间),117.79797534,30.4800543,converted_listing,ctrip,BD-09,117.809823,30.483433,https://you.ctrip.com/yougourmet/restdetail/jiuhuamountain182/24781067.html,公开资料收录，当前营业状态未核实
东华山庄,food,池州市青阳县九华镇九华山金凤凰宾馆附近,117.7943577,30.4814608,unverified_listing,360,GCJ-02,117.799685,30.478967,https://map.360.cn/?pid=6aecf847513a0a14,公开平台收录，当前营业状态未核实
东崖宾馆-中餐厅,food,池州市青阳县化城路8号东崖宾馆2层,117.7982118,30.4808395,unverified_listing,360,GCJ-02,117.80353,30.47834,https://map.360.cn/?pid=10fda83465512fa4,公开平台收录，当前营业状态未核实
东崖宾馆·自助餐厅,food,九华镇化城路8号(九华山景区内),117.79854389,30.48122971,converted_listing,ctrip,BD-09,117.810389,30.484618,https://you.ctrip.com/yougourmet/restdetail/jiuhuamountain182/30139033.html,公开资料收录，当前营业状态未核实
九华山云楼饭店,food,池州市青阳县九华山风景区白马新村28号,117.7942962,30.4813156,unverified_listing,360,GCJ-02,117.799623,30.478822,https://map.360.cn/?pid=8d011518a5c71d43,公开平台收录，当前营业状态未核实
九华山休闲农庄,food,池州市九华山风景区九华镇灯塔新村92号,117.7964776,30.4840451,converted_listing,ctrip、360,BD-09,117.80834,30.487403,https://you.ctrip.com/yougourmet/restdetail/jiuhuamountain182/154572528.html | https://map.360.cn/?pid=0a02cd65de285dac | https://map.360.cn/?pid=41e0c9bebe3dc8fc,公开平台收录，当前营业状态未核实
九华山净心阁农家乐,food,池州市青阳县九华镇灯塔新村93号,117.7967256,30.4842173,unverified_listing,360,GCJ-02,117.802048,30.481721,https://map.360.cn/?pid=ca9a97e6142b6dbd,公开平台收录，当前营业状态未核实
九华山华云饭店（灯塔新村183号）,food,池州市青阳县九华山风景区灯塔新村183号,117.7940711,30.4859324,unverified_listing,360,GCJ-02,117.799399,30.483441,https://map.360.cn/?pid=67be98071193837d,公开平台收录，当前营业状态未核实
九华山太白酒家,food,九华山风景区芙蓉桥头（虎形山公交站）,117.7975698,30.4828314,converted_listing,ctrip、360,BD-09,117.809423,30.486205,https://you.ctrip.com/yougourmet/restdetail/jiuhuamountain182/24781191.html | https://map.360.cn/?pid=81692fb1a78858c2,公开平台收录，当前营业状态未核实
九华山无斋餐厅,food,池州市青阳县九华镇九华山风景区九华镇化城路17号,117.7975427,30.4800947,unverified_listing,360,GCJ-02,117.802863,30.477596,https://map.360.cn/?pid=dbc3f098343b9484,公开平台收录，当前营业状态未核实
九华山曾广和山居,food,池州市青阳县九华镇芙蓉路7号,117.7990842,30.4822047,unverified_listing,360,GCJ-02,117.804401,30.479704,https://map.360.cn/?pid=307e3513b1de1ed4,公开平台收录，当前营业状态未核实
九华山润泽山庄·叶子徽菜馆,food,九华山风景区芙蓉路灯塔新村184号,117.7939732,30.4854013,converted_listing,ctrip,BD-09,117.805853,30.488723,https://you.ctrip.com/yougourmet/restdetail/jiuhuamountain182/78906719.html,公开平台收录，当前营业状态未核实
九华山玉春农家乐,food,池州市青阳县九华山九华街,117.7947882,30.481147,unverified_listing,360,GCJ-02,117.800114,30.478653,https://map.360.cn/?pid=49cf7a0bed34f2e3,公开平台收录，当前营业状态未核实
九华山白云山庄,food,池州市青阳县九华山风景区白云新村12号,117.786143,30.4852705,unverified_listing,360,GCJ-02,117.791487,30.48279,https://map.360.cn/?pid=1f401cc511b537a0,公开平台收录，当前营业状态未核实
九华山祥子农家乐,food,池州市青阳县凤形新村41号,117.7926975,30.4844959,unverified_listing,360,GCJ-02,117.798028,30.482006,https://map.360.cn/?pid=089e43dc6d981e87,公开平台收录，当前营业状态未核实
九华山聚龙大酒店·餐厅,food,池州市九华山风景区化城路2号(景区检票口旁边),117.79874423,30.48306951,converted_listing,ctrip,BD-09,117.81059,30.486462,https://you.ctrip.com/yougourmet/restdetail/jiuhuamountain182/10560661.html,公开资料收录，当前营业状态未核实
九华山胜兰山庄,food,池州市青阳县九华镇山风景区凤形新村14号,117.7930581,30.4855699,unverified_listing,360,GCJ-02,117.798388,30.48308,https://map.360.cn/?pid=78489cf9ced85389,公开平台收录，当前营业状态未核实
九华山芙蓉食府,food,九华山风景区九华镇白马新村66号,117.79315695,30.48233391,converted_listing,ctrip,BD-09,117.805038,30.485643,https://you.ctrip.com/yougourmet/restdetail/jiuhuamountain182/127688671.html,公开资料收录，当前营业状态未核实
九华山闵阁老民宿(天台索道店)·餐厅,food,上闵园32号闵阁老民宿二楼,117.7976344,30.4654752,converted_listing,ctrip,BD-09,117.809471,30.468841,https://you.ctrip.com/yougourmet/restdetail/jiuhuamountain182/153988878.html,公开平台收录，当前营业状态未核实
九华山静娴山庄（凤形新村39号(近肉身宝）,food,池州市青阳县九华镇山风景区凤形新村39号(近肉身宝殿),117.7906704,30.4856132,unverified_listing,360,GCJ-02,117.796006,30.483127,https://map.360.cn/?pid=31003edf4d5f9db8,公开平台收录，当前营业状态未核实
九华山风华土菜馆,food,九华镇老街化城路60号工商银行斜对面（邮政银行）,117.7968048,30.4799946,converted_listing,ctrip、360,BD-09,117.8086601,30.4833556,https://you.ctrip.com/yougourmet/restdetail/jiuhuamountain182/43226594.html | https://map.360.cn/?pid=bfb8183b0bea773a,公开平台收录，当前营业状态未核实
九华爷爷茶饮,food,池州市青阳县九华镇九华山风景区化城路102号,117.7967288,30.4800415,unverified_listing,360,GCJ-02,117.80205,30.477544,https://map.360.cn/?pid=af4f5c01bf50b39a,公开平台收录，当前营业状态未核实
九华碗里,food,池州市青阳县九华镇芙蓉路大悲楼对面,117.796931,30.4799802,unverified_listing,360,GCJ-02,117.802252,30.477482,https://map.360.cn/?pid=77e5d4b47b8db6dd,公开平台收录，当前营业状态未核实
九喜茶田,food,池州市青阳县九华山风景区九华镇灯塔新村78号,117.7968205,30.4838765,unverified_listing,360,GCJ-02,117.802142,30.48138,https://map.360.cn/?pid=b76e9b951441fec9,公开平台收录，当前营业状态未核实
九安农家乐,food,池州市青阳县九华镇山神光岭5号,117.7960294,30.4847078,unverified_listing,360,GCJ-02,117.801353,30.482213,https://map.360.cn/?pid=6de9ab10db14c039,公开平台收录，当前营业状态未核实
九粮家宴(肉身宝殿店),food,安徽省池州市青阳县九华镇九华山风景区九华镇凤形新村55号,117.7924422,30.4844301,converted_listing,ctrip,BD-09,117.80433,30.487731,https://you.ctrip.com/yougourmet/restdetail/jiuhuamountain182/155083209.html,公开平台收录，当前营业状态未核实
九芙蓉土菜馆,food,池州市青阳县九华镇正西方向100米,117.7973291,30.4830613,unverified_listing,360,GCJ-02,117.80265,30.480564,https://map.360.cn/?pid=2a4993d031d505a1,公开平台收录，当前营业状态未核实
九莲饭店,food,池州市青阳县九华镇九华山风景区九华镇卫生院附近,117.7933812,30.482229,unverified_listing,360,GCJ-02,117.79871,30.479737,https://map.360.cn/?pid=994a14cac0234dbb,公开平台收录，当前营业状态未核实
九鼎人家饭店,food,芙蓉路九华山风景区九华镇白马新村197号,117.794561,30.4806393,converted_listing,ctrip、360,BD-09,117.806432,30.483967,https://you.ctrip.com/yougourmet/restdetail/jiuhuamountain182/43225800.html | https://map.360.cn/?pid=dc79deaf3a596df2,公开平台收录，当前营业状态未核实
云松楼地道徽州民间菜·私房菜(九华山风景区店/九华街店),food,九华山景区内,117.7965474,30.4839964,converted_listing,ctrip,BD-09,117.808409,30.487355,https://you.ctrip.com/yougourmet/restdetail/jiuhuamountain182/154476380.html,公开平台收录，当前营业状态未核实
仁和饭店(芙蓉路),food,九华镇化城路66号(佛缘宾馆旁),117.7965016,30.4805275,converted_listing,ctrip、360,BD-09,117.80836,30.483884,https://you.ctrip.com/yougourmet/restdetail/jiuhuamountain182/127688595.html | https://map.360.cn/?pid=fe7006576434e682,公开平台收录，当前营业状态未核实
代荣饭店,food,池州市青阳县九华山镇二一九省道九华山风景区内,117.8051186,30.4705546,unverified_listing,360,GCJ-02,117.81042,30.46804,https://map.360.cn/?pid=6d56748c159ff261,公开平台收录，当前营业状态未核实
余霞农家菜,food,二一九省道九华山风景区凤形新村9号,117.7931477,30.4850325,converted_listing,ctrip,BD-09,117.805032,30.488343,https://you.ctrip.com/yougourmet/restdetail/jiuhuamountain182/153836844.html,公开平台收录，当前营业状态未核实
佛慧山庄,food,池州市青阳县九华镇只民社区居委会附近,117.7913499,30.4855717,unverified_listing,360,GCJ-02,117.796684,30.483084,https://map.360.cn/?pid=81458d8a4f5150d7 | https://map.360.cn/?pid=a13f4ca7c765b48e,公开平台收录，当前营业状态未核实
佛缘山庄（灯塔新村93号）,food,池州市青阳县九华镇山风景区灯塔新村93号,117.7968684,30.4841885,unverified_listing,360,GCJ-02,117.80219,30.481692,https://map.360.cn/?pid=741bf1887a237a9c,公开平台收录，当前营业状态未核实
佛缘山庄（灯塔新村93号） 2,food,池州市青阳县九华镇山风景区灯塔新村93号,117.7952624,30.479679,unverified_listing,360,GCJ-02,117.800587,30.477184,https://map.360.cn/?pid=df80b95cfdcd3df8,公开平台收录，当前营业状态未核实
农家菜园子,food,池州市青阳县九华镇九华风景区白马新村30号,117.7942024,30.4815032,unverified_listing,360,GCJ-02,117.79953,30.47901,https://map.360.cn/?pid=961a9aa1758196f3,公开平台收录，当前营业状态未核实
初見咖啡,food,九华山风景区九华镇化成路56号,117.7970602,30.4805744,converted_listing,ctrip、360,BD-09,117.808915,30.483939,https://you.ctrip.com/yougourmet/restdetail/jiuhuamountain182/154620442.html | https://map.360.cn/?pid=8b9e459b46a21cd7,公开平台收录，当前营业状态未核实
化府餐厅,food,九华山镇镇九华山风景区芙蓉路3号（太白书堂）,117.7988309,30.4818179,converted_listing,ctrip,BD-09,117.810675,30.485211,https://you.ctrip.com/yougourmet/restdetail/jiuhuamountain182/154733919.html,公开平台收录，当前营业状态未核实
华丽土菜馆,food,化城路九华山景区,117.7987475,30.4804265,converted_listing,ctrip、360,BD-09,117.81059,30.483818,https://you.ctrip.com/yougourmet/restdetail/jiuhuamountain182/154274046.html | https://map.360.cn/?pid=9e7819c38ed3f0eb,公开平台收录，当前营业状态未核实
华兴土菜馆,food,九华山风景区电影院市场二楼,117.7946683,30.4805654,converted_listing,ctrip,BD-09,117.806538,30.483895,https://you.ctrip.com/yougourmet/restdetail/jiuhuamountain182/16645472.html,公开平台收录，当前营业状态未核实
华记面馆,food,池州市青阳县芙蓉路68号,117.7950341,30.4799937,unverified_listing,360,GCJ-02,117.80036,30.477499,https://map.360.cn/?pid=67e155c7eb17bae8,公开平台收录，当前营业状态未核实
华雲兰舍餐厅,food,219省道九华山风景区灯塔停车场旁,117.7958585,30.4848629,converted_listing,ctrip,BD-09,117.8077251,30.4882122,https://you.ctrip.com/yougourmet/restdetail/jiuhuamountain182/154357200.html,公开平台收录，当前营业状态未核实
又见九华·無斋素食料理(化城寺景观店),food,九华山风景区九华镇化城路17号,117.7976563,30.4801199,converted_listing,ctrip,BD-09,117.809506,30.483494,https://you.ctrip.com/yougourmet/restdetail/jiuhuamountain182/153605014.html,公开平台收录，当前营业状态未核实
发发土菜手擀面,food,芙蓉路九华镇人民政府东侧约190米,117.7969101,30.4804986,converted_listing,ctrip,BD-09,117.8087654,30.4838607,https://you.ctrip.com/yougourmet/restdetail/jiuhuamountain182/127681994.html,公开平台收录，当前营业状态未核实
古茗(九华山化城寺店),food,池州市青阳县九华镇九华山风景区九华镇化城路22-1号门面房,117.7954854,30.4800875,unverified_listing,360,GCJ-02,117.80081,30.477592,https://map.360.cn/?pid=fa7e44b294b11e3b,公开平台收录，当前营业状态未核实
同发面馆(九华老街店),food,池州市青阳县九华山风景区化城路56号,117.7971696,30.4803679,unverified_listing,360,GCJ-02,117.80249,30.47787,https://map.360.cn/?pid=8ccd2e6073ffa74d,公开平台收录，当前营业状态未核实
吴记面馆,food,池州市青阳县九华镇山风景区虎形山车站对面,117.7974302,30.4829423,unverified_listing,360,GCJ-02,117.802751,30.480444,https://map.360.cn/?pid=912caff4ab6d4e24,公开平台收录，当前营业状态未核实
和缘土菜馆,food,九华街肉身宝殿南门上台阶电影院市场2层,117.7948799,30.4802335,converted_listing,ctrip、360,BD-09,117.8067476,30.4835659,https://you.ctrip.com/yougourmet/restdetail/jiuhuamountain182/20474608.html | https://map.360.cn/?pid=2e6b4d37aaf356bd,公开平台收录，当前营业状态未核实
囍德咖啡SEED COFFEE(九华山店),food,九华山风景区九华镇电影院市场一楼十六、十七间,117.7946673,30.4806321,converted_listing,ctrip、360,BD-09,117.806537,30.483961,https://you.ctrip.com/yougourmet/restdetail/jiuhuamountain182/153702394.html | https://map.360.cn/?pid=874baf3e4411a1fb,公开平台收录，当前营业状态未核实
回味土菜馆,food,九华镇化城路48号（化城寺旁）,117.797104,30.4806826,converted_listing,ctrip,BD-09,117.8089585,30.4840479,https://you.ctrip.com/yougourmet/restdetail/jiuhuamountain182/78217027.html,公开平台收录，当前营业状态未核实
大碗民间菜三店(九华街店),food,池州市青阳县九华山镇二一九省道九华山风景区内,117.7953958,30.4797656,unverified_listing,360,GCJ-02,117.80072,30.47727,https://map.360.cn/?pid=5c7c1d0727cc9ade,公开平台收录，当前营业状态未核实
天香园美食城(九华街店),food,池州市青阳县九华镇芙蓉路54号,117.7953854,30.4788954,unverified_listing,360,GCJ-02,117.80071,30.4764,https://map.360.cn/?pid=63f2ad0eb6e937c1,公开平台收录，当前营业状态未核实
好再来土菜,food,二一九省道九华山风景区九华街景区内,117.7984328,30.4799315,converted_listing,ctrip,BD-09,117.8102768,30.4833177,https://you.ctrip.com/yougourmet/restdetail/jiuhuamountain182/154445260.html,公开平台收录，当前营业状态未核实
好安逸山庄,food,池州市青阳县九华镇山灯塔新村72号,117.7965057,30.4835744,unverified_listing,360,GCJ-02,117.801828,30.481078,https://map.360.cn/?pid=f5feec2d552358f9,公开平台收录，当前营业状态未核实
宏兴山庄,food,池州市青阳县九华镇只民社区,117.7902983,30.4856492,unverified_listing,360,GCJ-02,117.795634,30.483163,https://map.360.cn/?pid=ed63f55300ee0e01,公开平台收录，当前营业状态未核实
宜圆(九华山上店),food,九华山风景区芙蓉路32号月亮湾超市隔壁尝香汇农家菜上二楼,117.7978564,30.4802299,converted_listing,ctrip,BD-09,117.809705,30.483607,https://you.ctrip.com/yougourmet/restdetail/jiuhuamountain182/153894265.html,公开平台收录，当前营业状态未核实
寻香酒楼,food,池州市青阳县九华镇九华山风景区灯塔新村61-62号,117.7969476,30.4834256,unverified_listing,360,GCJ-02,117.802269,30.480929,https://map.360.cn/?pid=d751d5e5bc025612,公开平台收录，当前营业状态未核实
小小面馆,food,池州市青阳县芙蓉路与龙池路交叉路口往南约50米(九华山景区),117.7973187,30.4804734,unverified_listing,360,GCJ-02,117.802639,30.477975,https://map.360.cn/?pid=61e270978f284d10,公开平台收录，当前营业状态未核实
小屿私厨,food,九华山风景区白马新村31号,117.7939336,30.481523,converted_listing,ctrip,BD-09,117.8058088,30.4848423,https://you.ctrip.com/yougourmet/restdetail/jiuhuamountain182/154864753.html,公开平台收录，当前营业状态未核实
小芳土菜馆,food,池州市青阳县九华山风景区山上芙蓉社区徽周府酒楼隔壁,117.795451,30.4791452,converted_listing,ctrip,BD-09,117.807314,30.482485,https://you.ctrip.com/yougourmet/restdetail/jiuhuamountain182/153899777.html,公开平台收录，当前营业状态未核实
小马土菜,food,凤形新村181号,117.7898585,30.4833408,converted_listing,ctrip,BD-09,117.80176,30.486609,https://you.ctrip.com/yougourmet/restdetail/jiuhuamountain182/37544490.html,公开平台收录，当前营业状态未核实
山味居,food,九华山风景区白马新村63号,117.793106,30.482385,converted_listing,ctrip,BD-09,117.8049879,30.4856938,https://you.ctrip.com/yougourmet/restdetail/jiuhuamountain182/154416044.html,公开平台收录，当前营业状态未核实
山村大碗菜(九华山店),food,九华风景区龙池路灯塔新村75号,117.7964442,30.4837232,converted_listing,ctrip、360,BD-09,117.808306,30.48708,https://you.ctrip.com/yougourmet/restdetail/jiuhuamountain182/32488271.html | https://map.360.cn/?pid=5fdcd32efd55494f,公开平台收录，当前营业状态未核实
山珍一族,food,池州市青阳县范围内,117.7968424,30.4841235,unverified_listing,360,GCJ-02,117.802164,30.481627,https://map.360.cn/?pid=8aaf783c21786195,公开平台收录，当前营业状态未核实
山里人土菜馆(九华街店),food,二一九省道九华山风景区九华街景区内,117.7982348,30.4799621,converted_listing,ctrip,BD-09,117.810081,30.483345,https://you.ctrip.com/yougourmet/restdetail/jiuhuamountain182/78327146.html,公开平台收录，当前营业状态未核实
山野碗里餐厅(大悲楼店),food,池州市青阳县九华山风景区九华镇芙蓉路大悲楼对面,117.7969487,30.4799297,unverified_listing,360,GCJ-02,117.80227,30.477432,https://map.360.cn/?pid=73c1bf9f3125cf17,公开平台收录，当前营业状态未核实
岸香·璞隐居,food,九华街芙蓉路九华山风景区内(西侧),117.7941337,30.4854698,converted_listing,ctrip,BD-09,117.8060119,30.4887944,https://you.ctrip.com/yougourmet/restdetail/jiuhuamountain182/95837701.html,公开平台收录，当前营业状态未核实
岸香咖啡,food,池州市青阳县九华街芙蓉路九华山风景区内,117.7941764,30.4855518,unverified_listing,360,GCJ-02,117.799504,30.48306,https://map.360.cn/?pid=c24a49d1ea6abaec,公开平台收录，当前营业状态未核实
幸旺饭店,food,池州市青阳县219省道,117.7933103,30.4849531,unverified_listing,360,GCJ-02,117.79864,30.482462,https://map.360.cn/?pid=f103aeae350b9a32,公开平台收录，当前营业状态未核实
幸福菜馆,food,九华山芙蓉路70号,117.7950894,30.479844,converted_listing,ctrip,BD-09,117.806956,30.483179,https://you.ctrip.com/yougourmet/restdetail/jiuhuamountain182/153595228.html,公开平台收录，当前营业状态未核实
德克士(九华大愿王餐厅)（白马新村28号）,food,池州市青阳县白马新村28号,117.7942931,30.4814436,unverified_listing,360,GCJ-02,117.79962,30.47895,https://map.360.cn/?pid=033265ab0fa12941,公开平台收录，当前营业状态未核实
德克士(九华大愿王餐厅)（白马新村28号） 2,food,池州市青阳县九华乡白马新村28号,117.8134218,30.4880992,unverified_listing,360,GCJ-02,117.818704,30.485575,https://map.360.cn/?pid=58800d477270553f,公开平台收录，当前营业状态未核实
德克士素食餐厅(九华山风景区店),food,池州市青阳县长生庵东南门旁,117.7960138,30.4800343,unverified_listing,360,GCJ-02,117.801337,30.477538,https://map.360.cn/?pid=49b252c123b5be46,公开平台收录，当前营业状态未核实
徽周府酒楼,food,九华山风景区芙蓉路54号,117.7954041,30.4792074,converted_listing,ctrip、360,BD-09,117.807268,30.482547,https://you.ctrip.com/yougourmet/restdetail/jiuhuamountain182/78712169.html | https://map.360.cn/?pid=a569556c75543786,公开平台收录，当前营业状态未核实
怪味楼,food,池州市青阳县九华镇九华山风景区九华镇卫生院附近,117.7932415,30.4824482,unverified_listing,360,GCJ-02,117.798571,30.479957,https://map.360.cn/?pid=8ab1b053da58f31e,公开平台收录，当前营业状态未核实
战友之家,food,九华镇九华街景区芙蓉路月亮湾市场二楼（龙泉休闲西南20米),117.7987069,30.4799549,converted_listing,ctrip,BD-09,117.81055,30.483345,https://you.ctrip.com/yougourmet/restdetail/jiuhuamountain182/61464228.html,公开平台收录，当前营业状态未核实
提拉米酥·咖啡·甜品(肉身宝殿店),food,九华山风景区九华镇白马新村67号（肉身宝殿山门对面）,117.79306146,30.48243725,converted_listing,ctrip、360,BD-09,117.8049432,30.4857451,https://you.ctrip.com/yougourmet/restdetail/jiuhuamountain182/78647251.html | https://map.360.cn/?pid=1b7dba7b258d399e,公开资料收录，当前营业状态未核实
摘星楼土菜馆(二店),food,池州市青阳县九华镇山风景区化城路48号,117.7957574,30.4801073,unverified_listing,360,GCJ-02,117.801081,30.477611,https://map.360.cn/?pid=c6ee9d140f9820bb,公开平台收录，当前营业状态未核实
斋堂,food,池州市青阳县九华镇219省道九华山风景区,117.7939065,30.478844,unverified_listing,360,GCJ-02,117.799234,30.476351,https://map.360.cn/?pid=7ece4113132eba84,公开平台收录，当前营业状态未核实
新徽宴·私房菜·素宴定制(九华山风景区店),food,九华山风景区凤形新村53号肉身宝殿北门300米,117.7922223,30.4845473,converted_listing,ctrip,BD-09,117.804111,30.487845,https://you.ctrip.com/yougourmet/restdetail/jiuhuamountain182/154576331.html,公开平台收录，当前营业状态未核实
新贵山庄,food,池州市青阳县九华镇山风景区灯塔新村,117.79587,30.4855636,unverified_listing,360,GCJ-02,117.801194,30.483069,https://map.360.cn/?pid=1eca3f5d50e74b3e,公开平台收录，当前营业状态未核实
方思泡茶,food,池州市青阳县九华山风景区九华镇化城路58号,117.7973979,30.4799702,unverified_listing,360,GCJ-02,117.802718,30.477472,https://map.360.cn/?pid=08efb82fd5d8463c,公开平台收录，当前营业状态未核实
春芳土菜馆,food,池州市青阳县九华镇219省道九华山聚龙大酒店西侧,117.7973562,30.4831515,unverified_listing,360,GCJ-02,117.802677,30.480654,https://map.360.cn/?pid=6d5b37a09435a94a,公开平台收录，当前营业状态未核实
曾福兴,food,化城路11号（东崖宾馆旁边）,117.79803639,30.48047401,converted_listing,ctrip、360,BD-09,117.8098841,30.4838539,https://you.ctrip.com/yougourmet/restdetail/jiuhuamountain182/28591604.html | https://map.360.cn/?pid=15eb2386a7e3bcc9,公开资料收录，当前营业状态未核实
有味小食馆,food,九华山风景区九华街芙蓉路48号,117.7958168,30.4798999,converted_listing,ctrip,BD-09,117.807679,30.483246,https://you.ctrip.com/yougourmet/restdetail/jiuhuamountain182/153682801.html,公开平台收录，当前营业状态未核实
朋友饭店(九华街店),food,九华街芙蓉路九华山风景区内(西侧),117.7907715,30.4777151,converted_listing,ctrip、360,BD-09,117.802661,30.480991,https://you.ctrip.com/yougourmet/restdetail/jiuhuamountain182/16729393.html | https://map.360.cn/?pid=c30ed3d65ed9f18e,公开平台收录，当前营业状态未核实
枣子树素食餐厅(肉身宝殿店),food,白马新村87号（肉身宝殿北门正对面）,117.7929226,30.4822498,converted_listing,ctrip、360,BD-09,117.804805,30.485556,https://you.ctrip.com/yougourmet/restdetail/jiuhuamountain182/154119343.html | https://map.360.cn/?pid=5bf5f5e56cd395e0,公开平台收录，当前营业状态未核实
桐城土菜馆,food,九华镇化城路48号（化城寺旁),117.7972301,30.4807692,converted_listing,ctrip,BD-09,117.809084,30.484137,https://you.ctrip.com/yougourmet/restdetail/jiuhuamountain182/127681975.html,公开平台收录，当前营业状态未核实
桥安土菜馆,food,桥安村乔东队14号,117.7948257,30.5012507,converted_listing,ctrip、360,BD-09,117.806714,30.504593,https://you.ctrip.com/yougourmet/restdetail/jiuhuamountain182/153855970.html | https://map.360.cn/?pid=9a9dc358ab035298 | https://map.360.cn/?pid=a210ae8ac29bb504,公开平台收录，当前营业状态未核实
池州吉祥农家乐(九华山二店),food,池州市青阳县九华山风景区内临近大天台(近肉身宝殿),117.7904098,30.4795987,unverified_listing,360,GCJ-02,117.795745,30.477111,https://map.360.cn/?pid=50ce33732819f376,公开平台收录，当前营业状态未核实
沙县小吃(芙蓉路),food,池州市青阳县百岁山庄停车场东南间,117.7910039,30.4832263,unverified_listing,360,GCJ-02,117.796338,30.480739,https://map.360.cn/?pid=9d6561bcf8961941,公开平台收录，当前营业状态未核实
沪上阿姨·精选茶饮(九华山风景区店),food,九华山风景区化城路63号202,117.79671,30.4799297,converted_listing,ctrip、360,BD-09,117.8085655,30.4832891,https://you.ctrip.com/yougourmet/restdetail/jiuhuamountain182/154855517.html | https://map.360.cn/?pid=995682f8617e7128,公开平台收录，当前营业状态未核实
潘家土菜馆(050乡道),food,池州市青阳县佛光大道附近,117.7952697,30.5054076,unverified_listing,360,GCJ-02,117.800597,30.50292,https://map.360.cn/?pid=172b05dcfe91b7ae,公开平台收录，当前营业状态未核实
灯塔酒楼,food,安徽省池州市青阳县九华山风景区灯塔新村148号,117.7954437,30.4856682,converted_listing,ctrip,BD-09,117.807314,30.489012,https://you.ctrip.com/yougourmet/restdetail/jiuhuamountain182/153517115.html,公开平台收录，当前营业状态未核实
灵山土菜馆,food,九华山风景区九华街化城寺广场(化城寺_东崖宾馆旁),117.7970675,30.4806601,converted_listing,ctrip、360,BD-09,117.8089216,30.4840253,https://you.ctrip.com/yougourmet/restdetail/jiuhuamountain182/16728910.html | https://map.360.cn/?pid=fde17820345bf43e,公开平台收录，当前营业状态未核实
燕子居餐馆,food,安徽省池州市九华山风景区九华镇衹民村白云组,117.7871957,30.4848287,converted_listing,ctrip,BD-09,117.799112,30.488068,https://you.ctrip.com/yougourmet/restdetail/jiuhuamountain182/61464231.html,公开平台收录，当前营业状态未核实
瑞幸咖啡(九华山风景区店),food,九华山风景区芙蓉路14-15号,117.7946704,30.4805645,converted_listing,ctrip,BD-09,117.8065398,30.4838937,https://you.ctrip.com/yougourmet/restdetail/jiuhuamountain182/154780840.html,公开平台收录，当前营业状态未核实
白云土菜馆,food,池州市青阳县九华镇山风景区,117.7936073,30.4849928,unverified_listing,360,GCJ-02,117.798936,30.482502,https://map.360.cn/?pid=2ff9a4ee5e0be48b,公开平台收录，当前营业状态未核实
祈福山庄,food,池州市青阳县九华镇山风景区山上,117.7898919,30.4820902,unverified_listing,360,GCJ-02,117.795228,30.479604,https://map.360.cn/?pid=40de79567b51eeb9,公开平台收录，当前营业状态未核实
祥云土菜馆,food,228省道灯塔新村160号,117.7954656,30.4850532,converted_listing,ctrip,BD-09,117.807335,30.488397,https://you.ctrip.com/yougourmet/restdetail/jiuhuamountain182/33595071.html,公开平台收录，当前营业状态未核实
祥子农家乐,food,池州市青阳县九华镇只民社区居委会附近,117.791007,30.4855564,unverified_listing,360,GCJ-02,117.796342,30.483069,https://map.360.cn/?pid=c4444fc80492e706,公开平台收录，当前营业状态未核实
福国饭店,food,九华山风景区肉身宝殿南大门旁二楼第六家,117.7948445,30.4802804,converted_listing,ctrip,BD-09,117.806713,30.483612,https://you.ctrip.com/yougourmet/restdetail/jiuhuamountain182/154799603.html,公开平台收录，当前营业状态未核实
福灵阁饭店,food,池州市青阳县九华山风景区化城路90号,117.7952801,30.4797619,unverified_listing,360,GCJ-02,117.800605,30.477267,https://map.360.cn/?pid=613b23f9b73ebc6b,公开平台收录，当前营业状态未核实
绿色土菜馆,food,九华镇九华山风景区电影院市场二楼,117.7948174,30.4803291,converted_listing,ctrip,BD-09,117.806686,30.48366,https://you.ctrip.com/yougourmet/restdetail/jiuhuamountain182/153672963.html,公开平台收录，当前营业状态未核实
美兰农家土菜馆,food,九华街月亮湾市场2层,117.7981076,30.4799603,converted_listing,ctrip,BD-09,117.8099543,30.483341,https://you.ctrip.com/yougourmet/restdetail/jiuhuamountain182/27167337.html,公开平台收录，当前营业状态未核实
老三土菜,food,九华山风景区月亮湾市场二楼,117.7983098,30.4798927,converted_listing,ctrip,BD-09,117.810155,30.483277,https://you.ctrip.com/yougourmet/restdetail/jiuhuamountain182/32487947.html,公开平台收录，当前营业状态未核实
老乡鸡(九华山风景区店),food,池州市青阳县白马新村86号,117.7930425,30.4820153,unverified_listing,360,GCJ-02,117.798372,30.479524,https://map.360.cn/?pid=54738cc45986575f,公开平台收录，当前营业状态未核实
老地方土菜馆(九华山风景区),food,池州市青阳县九华镇九华山风景区芙蓉路31号,117.7996386,30.4794779,unverified_listing,360,GCJ-02,117.804954,30.476975,https://map.360.cn/?pid=020226022a70901b,公开平台收录，当前营业状态未核实
老爷顶素食麻花,food,九华山风景区芙蓉路69号,117.795179,30.4801289,converted_listing,ctrip,BD-09,117.807045,30.483465,https://you.ctrip.com/yougourmet/restdetail/jiuhuamountain182/127652039.html,公开平台收录，当前营业状态未核实
老魏土菜馆,food,池州市青阳县九华镇九华山九华街芙蓉路白马新村12号,117.7931998,30.4823913,unverified_listing,360,GCJ-02,117.79853,30.4799,https://map.360.cn/?pid=895031513681a2ec,公开平台收录，当前营业状态未核实
聚仙楼·特色徽菜·特色老鹅(陆鼎记分店),food,228省道灯塔新村73号,117.7967986,30.4837601,converted_listing,ctrip、360,BD-09,117.808658,30.487123,https://you.ctrip.com/yougourmet/restdetail/jiuhuamountain182/127654965.html | https://map.360.cn/?pid=116bd0c83b25a699,公开平台收录，当前营业状态未核实
聚朋友徽菜九华土菜,food,池州市青阳县九华山风景区灯塔新村76号,117.7965578,30.4838665,unverified_listing,360,GCJ-02,117.80188,30.48137,https://map.360.cn/?pid=cc26db6ab72be0b2,公开平台收录，当前营业状态未核实
聚贤阁饭店(九华街店),food,电影院市场2层金凤凰宾馆斜对面,117.7946881,30.4805473,converted_listing,ctrip,BD-09,117.806558,30.483877,https://you.ctrip.com/yougourmet/restdetail/jiuhuamountain182/29952607.html,公开平台收录，当前营业状态未核实
聚龙大酒店-中餐厅,food,池州市青阳县九华山旅游风景名胜区聚龙大酒店1层,117.7983817,30.4829793,unverified_listing,360,GCJ-02,117.8037,30.48048,https://map.360.cn/?pid=dc162cc5e0ee9a00,公开平台收录，当前营业状态未核实
肯德基（九华山公开点位）,food,,117.79514,30.479937,overture,ctrip、360、overture,WGS84,,,https://docs.overturemaps.org/guides/places/ | https://you.ctrip.com/yougourmet/restdetail/jiuhuamountain182/153634109.html | https://map.360.cn/?pid=9f50ca3ebfb44a86,
胜品饭店,food,芙蓉路化城寺向西120米路西电影院市场,117.7947659,30.48051635,converted_listing,ctrip,BD-09,117.806635,30.483847,https://you.ctrip.com/yougourmet/restdetail/jiuhuamountain182/24397593.html,公开资料收录，当前营业状态未核实
舌尖上的三姐妹美食,food,九华山风景区九华镇灯塔新村131号,117.7966569,30.4841668,converted_listing,ctrip、360,BD-09,117.808518,30.4875272,https://you.ctrip.com/yougourmet/restdetail/jiuhuamountain182/78151055.html | https://map.360.cn/?pid=1c69772ff06a5ab0,公开平台收录，当前营业状态未核实
舍得面馆(龙池路店),food,池州市青阳县219省道隐居民宿对面,117.7935104,30.4850766,unverified_listing,360,GCJ-02,117.79884,30.482586,https://map.360.cn/?pid=8ee2c6635cb0bf17,公开平台收录，当前营业状态未核实
芙蓉土菜馆(芙蓉路),food,九华山风景区徽周府酒楼隔壁(北2米处),117.7952822,30.4793454,converted_listing,ctrip、360,BD-09,117.807147,30.482683,https://you.ctrip.com/yougourmet/restdetail/jiuhuamountain182/28586433.html | https://map.360.cn/?pid=99b18fe4062b1915,公开平台收录，当前营业状态未核实
花台土菜馆,food,池州市青阳县九华乡,117.8031394,30.5066393,unverified_listing,360,GCJ-02,117.808449,30.504139,https://map.360.cn/?pid=09adf7c14c2de453,公开平台收录，当前营业状态未核实
茶缘山庄,food,陵阳镇黄石溪村,117.8382045,30.4710126,converted_listing,ctrip,BD-09,117.849822,30.474783,https://you.ctrip.com/yougourmet/restdetail/jiuhuamountain182/146154286.html,公开平台收录，当前营业状态未核实
菩提缘素食餐厅,food,芙蓉路白马新村88号,117.7927976,30.4823877,converted_listing,ctrip,BD-09,117.804681,30.485692,https://you.ctrip.com/yougourmet/restdetail/jiuhuamountain182/130788383.html,公开平台收录，当前营业状态未核实
董家小厨徽宜饭店(肉身殿店),food,九华山一一一风景区芙蓉路肉身殿北门广场(木之缘)二楼,117.79381267,30.48168922,converted_listing,ctrip,BD-09,117.805689,30.485007,https://you.ctrip.com/yougourmet/restdetail/jiuhuamountain182/16630274.html,公开资料收录，当前营业状态未核实
虎牙土菜馆,food,池州市青阳县九华镇灯塔新村50号-2,117.7974083,30.4830505,unverified_listing,360,GCJ-02,117.802729,30.480553,https://map.360.cn/?pid=4424a7ccc69954a1,公开平台收录，当前营业状态未核实
蜜雪冰城(天台索道店),food,池州市青阳县九华镇正西方向120米,117.8024015,30.4694436,unverified_listing,360,GCJ-02,117.807709,30.466934,https://map.360.cn/?pid=b65d59f040252305,公开平台收录，当前营业状态未核实
许小姐de·私房菜特色徽菜(九华山店),food,九华山风景区山上芙蓉路一念养生会所斜对面,117.7944265,30.4808783,converted_listing,ctrip,BD-09,117.8062978,30.4842042,https://you.ctrip.com/yougourmet/restdetail/jiuhuamountain182/57130204.html,公开平台收录，当前营业状态未核实
许小姐的私房菜(九华山店),food,池州市青阳县九华山九华精品民宿楼下,117.7944724,30.4807565,unverified_listing,360,GCJ-02,117.799799,30.478263,https://map.360.cn/?pid=c3889c57ce48ad22,公开平台收录，当前营业状态未核实
诚实土菜馆,food,芙蓉路九华街九华山风景区大自在宾馆,117.7946527,30.4805879,converted_listing,ctrip,BD-09,117.806523,30.483917,https://you.ctrip.com/yougourmet/restdetail/jiuhuamountain182/37544480.html,公开平台收录，当前营业状态未核实
诚惠食府徽菜馆(三店),food,池州市青阳县九华山风景区武警招待所旁,117.7966381,30.4835464,unverified_listing,360,GCJ-02,117.80196,30.48105,https://map.360.cn/?pid=31acbf7a50fb843f,公开平台收录，当前营业状态未核实
轩缘山庄,food,池州市青阳县九华镇山灯塔新村80号,117.7963807,30.484028,unverified_listing,360,GCJ-02,117.801704,30.481532,https://map.360.cn/?pid=8e908b7dbbe1468a,公开平台收录，当前营业状态未核实
迎宾土菜馆,food,池州市青阳县九华山九华街东崖宾馆对面,117.7984224,30.4805005,unverified_listing,360,GCJ-02,117.80374,30.478,https://map.360.cn/?pid=b2e1bbc90333ffad,公开平台收录，当前营业状态未核实
醉九华新徽菜私厨,food,九华山风景区九华镇灯塔新村77号,117.7967454,30.4839982,converted_listing,ctrip,BD-09,117.808606,30.48736,https://you.ctrip.com/yougourmet/restdetail/jiuhuamountain182/153624406.html,公开平台收录，当前营业状态未核实
醉九华董家小厨(肉身殿店),food,池州市青阳县九华山风景区芙蓉路肉身殿北门广场(木之缘)二楼,117.7937095,30.4817277,unverified_listing,360,GCJ-02,117.799038,30.479235,https://map.360.cn/?pid=ea2b7d4d55dc63dd,公开平台收录，当前营业状态未核实
金宁饭店,food,池州市青阳县九华镇219省道,117.796142,30.4848242,unverified_listing,360,GCJ-02,117.801465,30.482329,https://map.360.cn/?pid=52b9d18a81cd6485,公开平台收录，当前营业状态未核实
金贤聚酒楼,food,池州市青阳县九华镇219省道,117.795772,30.4625068,unverified_listing,360,GCJ-02,117.801094,30.460006,https://map.360.cn/?pid=0566164f2ac27ec5,公开平台收录，当前营业状态未核实
金饭碗农家菜馆,food,池州市青阳县九华镇半出美宿附近,117.7959013,30.480101,unverified_listing,360,GCJ-02,117.801225,30.477605,https://map.360.cn/?pid=3d080400b31f9a89,公开平台收录，当前营业状态未核实
钟楼宾馆,food,,117.7990377,30.479577,mapped,ctrip、osm,WGS84,,,https://www.openstreetmap.org/node/5211941738 | https://you.ctrip.com/yougourmet/restdetail/jiuhuamountain182/32488268.html,
问.茶舍.素斋,food,池州市青阳县九华山风景区九华镇化城路94号,117.7958679,30.480183,unverified_listing,360,GCJ-02,117.801192,30.477687,https://map.360.cn/?pid=7f4a33bbaa01025c,公开平台收录，当前营业状态未核实
闵溪酒店,food,池州市青阳县龙池路九华山景区,117.8013989,30.4683183,unverified_listing,360,GCJ-02,117.806709,30.46581,https://map.360.cn/?pid=c1a31694a81b972d,公开平台收录，当前营业状态未核实
阿水大杯茶(白马新村店),food,芙蓉路九华镇白马新村35号,117.7934865,30.4818783,converted_listing,ctrip、360,BD-09,117.8053649,30.4851914,https://you.ctrip.com/yougourmet/restdetail/jiuhuamountain182/34855795.html | https://map.360.cn/?pid=a397be012e541340,公开平台收录，当前营业状态未核实
随忆私房菜,food,白马新村197号,117.7945641,30.4806411,converted_listing,ctrip,BD-09,117.806435,30.483969,https://you.ctrip.com/yougourmet/restdetail/jiuhuamountain182/153712080.html,公开平台收录，当前营业状态未核实
雅琳小院,food,安徽省池州市青阳县S228(龙池路),117.7920628,30.4842344,converted_listing,ctrip,BD-09,117.803952,30.48753,https://you.ctrip.com/yougourmet/restdetail/jiuhuamountain182/153698432.html,公开平台收录，当前营业状态未核实
青阳白云人家农家乐,food,池州市青阳县九华山九华山景区,117.7885203,30.485183,unverified_listing,360,GCJ-02,117.79386,30.4827,https://map.360.cn/?pid=05a3625e24bb2b78,公开平台收录，当前营业状态未核实
静心亭素食馆(15元自助),food,池州市青阳县芙蓉路九华山风景区,117.7943629,30.479257,unverified_listing,360,GCJ-02,117.79969,30.476763,https://map.360.cn/?pid=d6657ae6550e073b,公开平台收录，当前营业状态未核实
静心亭素食馆·15元一位管饱,food,九华山风景区九华镇神光岭6号,117.794538,30.4800153,converted_listing,ctrip,BD-09,117.806408,30.483342,https://you.ctrip.com/yougourmet/restdetail/jiuhuamountain182/130810638.html,公开平台收录，当前营业状态未核实
风俗村饭店,food,九华山风景区凤形新村99号,117.7892957,30.4847872,converted_listing,ctrip、360,BD-09,117.801202,30.488049,https://you.ctrip.com/yougourmet/restdetail/jiuhuamountain182/24396854.html | https://map.360.cn/?pid=1fb14f53daa2cc04,公开平台收录，当前营业状态未核实
食尚九华徽菜馆,food,池州市青阳县九华镇219省道灯塔新村167号(九华山风景区内),117.7951592,30.484927,unverified_listing,360,GCJ-02,117.800485,30.482433,https://map.360.cn/?pid=dd93560485319095,公开平台收录，当前营业状态未核实
鸿发酒楼(芙蓉路店),food,池州市青阳县化城路与芙蓉路交叉口西360米,117.7957157,30.479899,unverified_listing,360,GCJ-02,117.80104,30.477403,https://map.360.cn/?pid=facd5ecc4200de10,公开平台收录，当前营业状态未核实
一山小口胡同里民宿(化城寺店),hotel,青阳九华镇灯塔新村106号,117.796044,30.4846583,converted_listing,ctrip,GCJ-02,117.801368,30.482163,https://hotels.ctrip.com/hotels/124234350.html,公开平台收录，当前营业状态未核实
一池山水·九华街本愿精品民宿(九华山上九华街店),hotel,青阳九华镇灯塔新村159号,117.795499,30.4849739,converted_listing,ctrip,GCJ-02,117.800824,30.48248,https://hotels.ctrip.com/hotels/48539836.html,公开平台收录，当前营业状态未核实
一池山水·朝九华院子里·亲子花园度假民宿(九华山肉身宝殿店),hotel,青阳九华山风景区九华镇凤形新村37号,117.78997,30.4856691,converted_listing,ctrip,GCJ-02,117.795307,30.483184,https://hotels.ctrip.com/hotels/71950496.html,公开平台收录，当前营业状态未核实
一盏云民宿,hotel,池州市青阳县九华山风景区九华镇灯塔新村78号,117.7968861,30.4840613,unverified_listing,360,GCJ-02,117.802208,30.481565,https://map.360.cn/?pid=f598664d1000559d,公开平台收录，当前营业状态未核实
上客堂宾馆,hotel,池州市青阳县芙蓉路1号,117.7995948,30.4824518,unverified_listing,360,GCJ-02,117.80491,30.47995,https://map.360.cn/?pid=5378079a9a43489f,公开平台收录，当前营业状态未核实
东篱下悠然山居民宿(九华山上店),hotel,青阳九华山风景区塔院西侧,117.7921285,30.4885311,converted_listing,ctrip、360,GCJ-02,117.797461,30.486043,https://hotels.ctrip.com/hotels/10786063.html | https://map.360.cn/?pid=9fe786327e407097,公开平台收录，当前营业状态未核实
东红农家乐,hotel,青阳九华山风景区中闵园60号,117.8040826,30.4762083,converted_listing,ctrip,GCJ-02,117.809387,30.473697,https://hotels.ctrip.com/hotels/49555686.html,公开平台收录，当前营业状态未核实
临桥民居民宿(九华山店),hotel,青阳九华山风景区乔安村桥西组8号,117.7944432,30.4986709,converted_listing,ctrip、360,GCJ-02,117.799772,30.496182,https://hotels.ctrip.com/hotels/109209964.html | https://map.360.cn/?pid=2a9f5219f0409a92,公开平台收录，当前营业状态未核实
九久宾馆,hotel,池州市青阳县九华镇山庄正对面,117.796587,30.4846619,unverified_listing,360,GCJ-02,117.801909,30.482166,https://map.360.cn/?pid=98e33183e848ccbe,公开平台收录，当前营业状态未核实
九华·闲庭民宿,hotel,青阳九华镇芙蓉路65号,117.7954437,30.4783228,converted_listing,ctrip、360,GCJ-02,117.800768,30.475827,https://hotels.ctrip.com/hotels/114116243.html | https://map.360.cn/?pid=bd8d0f661f6d5410,公开平台收录，当前营业状态未核实
九华刘家庄民宿,hotel,池州市青阳县九华镇凤形新村5号,117.7939033,30.4847674,unverified_listing,360,GCJ-02,117.799232,30.482276,https://map.360.cn/?pid=7696e2c39925d006,公开平台收录，当前营业状态未核实
九华山OneDream無尽夏民宿(肉身宝殿店),hotel,青阳九华镇凤形新村50号,117.7921285,30.4855059,converted_listing,ctrip、360,GCJ-02,117.797461,30.483017,https://hotels.ctrip.com/hotels/85461582.html | https://map.360.cn/?pid=dfa5449833ce2a1c,公开平台收录，当前营业状态未核实
九华山·徽景|Pool一览山色360°全景山墅(九华山风景区店),hotel,青阳九华山风景区乔安村河西组37号,117.7932134,30.5047286,converted_listing,ctrip,GCJ-02,117.798545,30.502244,https://hotels.ctrip.com/hotels/134160858.html,公开平台收录，当前营业状态未核实
九华山·静悦山野·Serene(肉身宝殿店),hotel,青阳九华山风景区九华镇祗民社区凤形农贸市场旁,117.7902212,30.4852038,converted_listing,ctrip,GCJ-02,117.795557,30.482718,https://hotels.ctrip.com/hotels/134869770.html,公开平台收录，当前营业状态未核实
九华山一二·概念民宿(肉身宝殿店),hotel,青阳九华山风景区凤形新村197号,117.7894833,30.4820703,converted_listing,ctrip、360,GCJ-02,117.794821,30.479585,https://hotels.ctrip.com/hotels/104610256.html | https://map.360.cn/?pid=8ff45417290bbe1c,公开平台收录，当前营业状态未核实
九华山一家小居,hotel,青阳九华山风景区白云居民区,117.7892301,30.4852498,converted_listing,ctrip、360,GCJ-02,117.794568,30.482765,https://hotels.ctrip.com/hotels/8837342.html | https://map.360.cn/?pid=db5e0468194855d8,公开平台收录，当前营业状态未核实
九华山一粟民宿(九华山上店),hotel,青阳九华山风景区下闵园21号,117.790982,30.4820956,converted_listing,ctrip,GCJ-02,117.796316,30.479608,https://hotels.ctrip.com/hotels/84998054.html,公开平台收录，当前营业状态未核实
九华山一花一宿民宿(肉身宝殿店),hotel,青阳九华山风景区芙蓉路白马新村88号,117.7928882,30.482275,converted_listing,ctrip、360,GCJ-02,117.798219,30.479784,https://hotels.ctrip.com/hotels/134506781.html | https://map.360.cn/?pid=f7b652c1c089907f,公开平台收录，当前营业状态未核实
九华山一芳欣田民宿(九华山上店),hotel,青阳九华镇化城路66号附5号,117.7968497,30.480523,converted_listing,ctrip,GCJ-02,117.802171,30.478025,https://hotels.ctrip.com/hotels/123086116.html,公开平台收录，当前营业状态未核实
九华山一览民宿(九华山上店),hotel,青阳九华山风景区九华镇祗民社区白云居民点九华镇幼儿园旁从东往西第九间,117.7875146,30.4849089,converted_listing,ctrip、360,GCJ-02,117.792856,30.482427,https://hotels.ctrip.com/hotels/109478490.html | https://map.360.cn/?pid=4f02465e42058699,公开平台收录，当前营业状态未核实
九华山一餐一宿度假民宿(肉身宝殿店),hotel,青阳九华山风景区风形新村28号,117.7883515,30.485202,converted_listing,ctrip、360,GCJ-02,117.793692,30.482719,https://hotels.ctrip.com/hotels/110902517.html | https://map.360.cn/?pid=87062a42383be669,公开平台收录，当前营业状态未核实
九华山万璟别院,hotel,池州市青阳县九华山风景区九华镇芙蓉社区白马新村124号,117.7910998,30.4810162,unverified_listing,360,GCJ-02,117.796434,30.478528,https://map.360.cn/?pid=705c3a7ef1ea678b,公开平台收录，当前营业状态未核实
九华山三姐妹云上民宿,hotel,池州市青阳县九华镇灯塔新村大雄宝殿西150米处,117.795624,30.4858503,unverified_listing,360,GCJ-02,117.800949,30.483356,https://map.360.cn/?pid=a53ff6b76dd31997,公开平台收录，当前营业状态未核实
九华山三羊宾馆,hotel,池州市青阳县九华山风景区内九华山庄旁,117.7961826,30.4843922,unverified_listing,360,GCJ-02,117.801506,30.481897,https://map.360.cn/?pid=464bc06455e5ef91,公开平台收录，当前营业状态未核实
九华山上·壹山壹隐·山景影音·Prime Scenery 美墅(化城寺店),hotel,青阳九华山风景区芙蓉路31号,117.7997449,30.4794238,converted_listing,ctrip,GCJ-02,117.80506,30.476921,https://hotels.ctrip.com/hotels/133271577.html,公开平台收录，当前营业状态未核实
九华山与舍民宿(肉身宝殿店),hotel,青阳九华山风景区九华镇祇民社区白云组9号,117.7848236,30.4839116,converted_listing,ctrip,GCJ-02,117.79017,30.481433,https://hotels.ctrip.com/hotels/128467529.html,公开平台收录，当前营业状态未核实
九华山且慢民宿(化城寺店),hotel,青阳九华山风景区九华镇灯塔新村10号,117.7964661,30.4823219,converted_listing,ctrip,GCJ-02,117.801789,30.479825,https://hotels.ctrip.com/hotels/133407343.html,公开平台收录，当前营业状态未核实
九华山东华饭店,hotel,青阳九华山九华街白马新村11号,117.7944307,30.4811695,converted_listing,ctrip、360,GCJ-02,117.799758,30.478676,https://hotels.ctrip.com/hotels/4816027.html | https://map.360.cn/?pid=860d9995fea66139,公开平台收录，当前营业状态未核实
九华山东崖宾馆,hotel,安徽青阳九华山风景区化城路8号检票口内200米,117.79848327,30.48142456,converted_listing,ctrip、360、fliggy、overture,BD-09,117.810329,30.484812,https://hotels.ctrip.com/hotels/436601.html | https://docs.overturemaps.org/guides/places/ | https://map.360.cn/?pid=7ace36885eebbee3 | https://hotel.fliggy.com/hotel_list3.htm?city=341700 | https://hotel.fliggy.com/hotel_detail2.htm?shid=10011109,公开资料收录，当前营业状态未核实
九华山丽丽宾馆,hotel,池州市青阳县九华山风景区白马新村14号,117.7942723,30.4812723,unverified_listing,360,GCJ-02,117.7996,30.478779,https://map.360.cn/?pid=c4f2a1a8772cf12b,公开平台收录，当前营业状态未核实
九华山久里·云栖民宿(九华山上店),hotel,安徽青阳九华山风景区九华镇灯塔新村182号,117.79406273,30.48577843,converted_listing,ctrip、360,BD-09,117.805942,30.489102,https://hotels.ctrip.com/hotels/67684713.html | https://map.360.cn/?pid=16c12200cde4a93c,公开资料收录，当前营业状态未核实
九华山乐榕居民宿(化城寺店),hotel,青阳九华镇芙蓉社区化城路85号,117.7963233,30.4804878,converted_listing,ctrip、360,GCJ-02,117.801646,30.477991,https://hotels.ctrip.com/hotels/66986141.html | https://map.360.cn/?pid=686243e92ddaa4f2,公开平台收录，当前营业状态未核实
九华山九九宾馆(山上店),hotel,青阳九华山风景区灯塔新村130号,117.7966839,30.4845825,converted_listing,ctrip、360,GCJ-02,117.802006,30.482086,https://hotels.ctrip.com/hotels/40331899.html | https://map.360.cn/?pid=2866c7c0a34f8f7e,公开平台收录，当前营业状态未核实
九华山九华人家(肉身宝殿店),hotel,青阳九华山凤形村11号,117.793525,30.4853607,converted_listing,ctrip、360,GCJ-02,117.798854,30.48287,https://hotels.ctrip.com/hotels/840264.html | https://map.360.cn/?pid=6c048b90d17b3971,公开平台收录，当前营业状态未核实
九华山九华精品民宿(九华山上店),hotel,安徽青阳九华山风景区九华街白马新村196号,117.7940985,30.48071675,converted_listing,ctrip、360,BD-09,117.805972,30.484038,https://hotels.ctrip.com/hotels/6788424.html | https://map.360.cn/?pid=420b5863edec8296,公开资料收录，当前营业状态未核实
九华山九华缘山居,hotel,池州市青阳县九华山风景区风形新村28号,117.7900857,30.4853093,unverified_listing,360,GCJ-02,117.795422,30.482824,https://map.360.cn/?pid=cf83b713d0996ad7,公开平台收录，当前营业状态未核实
九华山九华缘饭店,hotel,池州市青阳县九华山风景区白马新村192号,117.79382,30.4810072,unverified_listing,360,GCJ-02,117.799148,30.478515,https://map.360.cn/?pid=21e1769748a706c1,公开平台收录，当前营业状态未核实
九华山九周度假农庄,hotel,池州市青阳县九华山风景区白云新村20-1号,117.786438,30.4857944,unverified_listing,360,GCJ-02,117.791782,30.483314,https://map.360.cn/?pid=5cd8522d81342b46,公开平台收录，当前营业状态未核实
九华山九子酒店,hotel,"池州市青阳县九华山风景区白马新村122号和125号(山上,靠近肉身宝殿正大门).",117.7907194,30.4800821,unverified_listing,360,GCJ-02,117.796054,30.477594,https://map.360.cn/?pid=a3b9a501c8d59a7b,公开平台收录，当前营业状态未核实
九华山九宾山庄,hotel,池州市青阳县九华山风景区肉身殿北大门,117.7934135,30.4821578,unverified_listing,360,GCJ-02,117.798743,30.479666,https://map.360.cn/?pid=dabd33d61802b707,公开平台收录，当前营业状态未核实
九华山九洲南苑民宿,hotel,青阳九华山风景区九华镇白云新村18号,117.7861576,30.485606,converted_listing,ctrip、360,GCJ-02,117.791502,30.483126,https://hotels.ctrip.com/hotels/29637478.html | https://map.360.cn/?pid=ea85b7addfffd3e3,公开平台收录，当前营业状态未核实
九华山九满山庄,hotel,青阳九华镇白云新村7号,117.7832978,30.484826,converted_listing,ctrip、360,GCJ-02,117.788648,30.48235,https://hotels.ctrip.com/hotels/29579674.html | https://map.360.cn/?pid=754fe2f387ad5da1,公开平台收录，当前营业状态未核实
九华山九舍自在庭院民宿(九华山上肉身宝殿店),hotel,安徽青阳九华山风景区九华镇白马新村176号,117.79190058,30.48040768,converted_listing,ctrip、360,BD-09,117.803787,30.483699,https://hotels.ctrip.com/hotels/68551056.html | https://map.360.cn/?pid=040f695cb6a267c8,公开资料收录，当前营业状态未核实
九华山九茗幽圃民宿(肉身宝殿店),hotel,青阳九华山风景区九华镇凤形新村45号右第二家,117.7909466,30.485211,converted_listing,ctrip、360,GCJ-02,117.796281,30.482724,https://hotels.ctrip.com/hotels/82604289.html | https://map.360.cn/?pid=e339a87ee1936c3b | https://you.ctrip.com/yougourmet/restdetail/jiuhuamountain182/139034376.html,公开平台收录，当前营业状态未核实
九华山九茗悦庭民宿,hotel,池州市青阳县九华山旅游风景区灯塔新村154号,117.7959179,30.4862263,unverified_listing,360,GCJ-02,117.801242,30.483732,https://map.360.cn/?pid=85284bf55d8615c1,公开平台收录，当前营业状态未核实
九华山九言素居庭院民宿(肉身宝殿店),hotel,青阳九华山风景区凤形新村81号,117.7917282,30.4845537,converted_listing,ctrip,GCJ-02,117.797061,30.482065,https://hotels.ctrip.com/hotels/134454086.html,公开平台收录，当前营业状态未核实
九华山九雅苑宾馆,hotel,青阳九华山风景区芙蓉路,117.797821,30.4788548,converted_listing,ctrip、360,GCJ-02,117.80314,30.476355,https://hotels.ctrip.com/hotels/16019944.html | https://map.360.cn/?pid=92b7fbfeea09c3f4,公开平台收录，当前营业状态未核实
九华山乡遇民宿(肉身宝殿店),hotel,青阳凤形新村18号,117.7921722,30.485642,converted_listing,ctrip、360,GCJ-02,117.797504,30.483153,https://hotels.ctrip.com/hotels/107204787.html | https://map.360.cn/?pid=a526c84ca8ef1d19,公开平台收录，当前营业状态未核实
九华山书生雅居客栈(肉身宝殿店),hotel,青阳九华山风景区风行新村8号,117.7933207,30.4850352,converted_listing,ctrip、360,GCJ-02,117.79865,30.482544,https://hotels.ctrip.com/hotels/85240957.html | https://map.360.cn/?pid=861bc0d571da0798,公开平台收录，当前营业状态未核实
九华山了凡小院民宿(肉身宝殿景区店),hotel,青阳九华镇白马新村69号,117.7932144,30.4826258,converted_listing,ctrip、360,GCJ-02,117.798544,30.480135,https://hotels.ctrip.com/hotels/125868211.html | https://map.360.cn/?pid=9427c3b2d917f69c,公开平台收录，当前营业状态未核实
九华山云乐居民宿,hotel,青阳九华山风景区白云新村20号,117.7865318,30.4859874,converted_listing,ctrip、360,GCJ-02,117.791876,30.483507,https://hotels.ctrip.com/hotels/31129562.html | https://map.360.cn/?pid=324eeabe3cb1d0ef,公开平台收录，当前营业状态未核实
九华山云也民宿(化城寺店),hotel,青阳龙池路大明批发部东南10米处,117.7965808,30.4837565,converted_listing,ctrip、360,GCJ-02,117.801903,30.48126,https://hotels.ctrip.com/hotels/133725595.html | https://map.360.cn/?pid=88f29e1917385f06,公开平台收录，当前营业状态未核实
九华山云台梵舍民宿(肉身宝殿店),hotel,青阳龙池路凤形新村34号,117.789278,30.4857457,converted_listing,ctrip,GCJ-02,117.794616,30.483261,https://hotels.ctrip.com/hotels/133339342.html,公开平台收录，当前营业状态未核实
九华山云居民宿(肉身宝殿店),hotel,池州市青阳县九华山风景区肉身殿北大门附近,117.7916303,30.4792011,unverified_listing,360,GCJ-02,117.796963,30.476711,https://map.360.cn/?pid=a3d63b67036d69a7,公开平台收录，当前营业状态未核实
九华山云岸山居民宿,hotel,青阳九华乡乔安村乔西组2号,117.794882,30.4989883,converted_listing,ctrip、360,GCJ-02,117.800209,30.496499,https://hotels.ctrip.com/hotels/100887912.html | https://map.360.cn/?pid=9974ac1e4b80c8ed,公开平台收录，当前营业状态未核实
九华山云想居,hotel,青阳九华镇凤形新村14号,117.7927892,30.4855681,converted_listing,ctrip、360,GCJ-02,117.79812,30.483078,https://hotels.ctrip.com/hotels/117565808.html | https://map.360.cn/?pid=389bb06da916401a,公开平台收录，当前营业状态未核实
九华山云栖澜山民宿(九华山上化城寺店),hotel,安徽青阳九华山风景区芙蓉路28-5号,117.79898794,30.47936371,converted_listing,ctrip、360,BD-09,117.810828,30.482758,https://hotels.ctrip.com/hotels/54458989.html | https://map.360.cn/?pid=b2169b354dd2d322,公开资料收录，当前营业状态未核实
九华山云海楼民宿(肉身宝殿西门店),hotel,青阳九华山风景区凤形新村201号,117.7911363,30.4781641,converted_listing,ctrip、360,GCJ-02,117.79647,30.475675,https://hotels.ctrip.com/hotels/67427186.html | https://map.360.cn/?pid=e9170e8c1ce5d918,公开平台收录，当前营业状态未核实
九华山云漫民宿(天台索道店),hotel,青阳九华镇闵园社区上闵园9号,117.7966683,30.4628593,converted_listing,ctrip、360,GCJ-02,117.801989,30.460357,https://hotels.ctrip.com/hotels/133623016.html | https://map.360.cn/?pid=f387b7d31b20eabf,公开平台收录，当前营业状态未核实
九华山云缦里民宿(九华山上店),hotel,青阳九华山风景区九华镇白云新村4号,117.7841243,30.4841659,converted_listing,ctrip,GCJ-02,117.789472,30.481688,https://hotels.ctrip.com/hotels/130079369.html,公开平台收录，当前营业状态未核实
九华山人生驿站民宿(化成寺肉身宝殿店),hotel,青阳九华山风景区白马新村69号,117.7932259,30.4825401,converted_listing,ctrip、360,GCJ-02,117.798556,30.480049,https://hotels.ctrip.com/hotels/116988734.html | https://map.360.cn/?pid=954ded8392b71c42,公开平台收录，当前营业状态未核实
九华山仙乐山庄,hotel,池州市青阳县九华乡范围内,117.8008768,30.5021289,unverified_listing,360,GCJ-02,117.806191,30.499631,https://map.360.cn/?pid=d01d656e0888c4ec,公开平台收录，当前营业状态未核实
九华山休闲农庄主题民宿(九华山上店),hotel,青阳九华山风景区,117.7966694,30.4843147,converted_listing,ctrip,GCJ-02,117.801992,30.481818,https://hotels.ctrip.com/hotels/9596628.html,公开平台收录，当前营业状态未核实
九华山伴山居民宿(肉身宝殿店),hotel,青阳九华山风景区九华镇白马新村177号,117.7918127,30.4802606,converted_listing,ctrip,GCJ-02,117.797145,30.477771,https://hotels.ctrip.com/hotels/67578129.html,公开平台收录，当前营业状态未核实
九华山佛光小栈,hotel,池州市青阳县九华山风景区灯塔新村127号,117.7951394,30.4852317,unverified_listing,360,GCJ-02,117.800465,30.482738,https://map.360.cn/?pid=56d1260d9e957db1,公开平台收录，当前营业状态未核实
九华山佛国缘宾馆,hotel,池州市青阳县九华镇山风景区内,117.7925672,30.4813859,unverified_listing,360,GCJ-02,117.797898,30.478895,https://map.360.cn/?pid=569849acd11a1294,公开平台收录，当前营业状态未核实
九华山佛慧山庄,hotel,池州市青阳县凤形新村46号,117.7922785,30.4845185,unverified_listing,360,GCJ-02,117.79761,30.482029,https://map.360.cn/?pid=365934156a51544f,公开平台收录，当前营业状态未核实
九华山佛缘人家客栈,hotel,池州市青阳县九华镇凤形新村66号,117.7984369,30.4835203,unverified_listing,360,GCJ-02,117.803755,30.481021,https://map.360.cn/?pid=1bc0dfe8ea65a486,公开平台收录，当前营业状态未核实
九华山你来我往小栈,hotel,池州市青阳县九华山风景区九华镇灯塔新村172号,117.7948788,30.4855167,unverified_listing,360,GCJ-02,117.800205,30.483024,https://map.360.cn/?pid=21bac24c4a0a9f1a,公开平台收录，当前营业状态未核实
九华山佳宜小栈,hotel,池州市青阳县九华山凤形新村130号,117.7914948,30.484982,unverified_listing,360,GCJ-02,117.796828,30.482494,https://map.360.cn/?pid=60c3c4162c12ca09,公开平台收录，当前营业状态未核实
九华山依云山居,hotel,青阳九华街 旃檀禅林 滴水观音南,117.795772,30.4783048,converted_listing,ctrip、360,GCJ-02,117.801096,30.475808,https://hotels.ctrip.com/hotels/6042206.html | https://map.360.cn/?pid=42cc095355b0481c,公开平台收录，当前营业状态未核实
九华山依山云栖民宿,hotel,池州市青阳县九华山风景区九华镇白云新村15号,117.7864234,30.4833354,unverified_listing,360,GCJ-02,117.791767,30.480854,https://map.360.cn/?pid=7d6c8fdce7bb50aa,公开平台收录，当前营业状态未核实
九华山依山居民宿(化城寺店),hotel,青阳九华镇派出所东南约120米,117.7976907,30.4824175,converted_listing,ctrip,GCJ-02,117.80301,30.479919,https://hotels.ctrip.com/hotels/122476633.html,公开平台收录，当前营业状态未核实
九华山依闵居民宿(化成寺闵公殿店),hotel,青阳九华镇芙蓉路14号,117.7993572,30.4808359,converted_listing,ctrip、360,GCJ-02,117.804673,30.478334,https://hotels.ctrip.com/hotels/116857140.html | https://map.360.cn/?pid=2f0ac172fa4e9b43,公开平台收录，当前营业状态未核实
九华山傍山别院民宿(九华山风景区店),hotel,青阳九华山风景区九华乡桥庵村乔西村民组42号,117.7943525,30.4977791,converted_listing,ctrip、360,GCJ-02,117.799681,30.49529,https://hotels.ctrip.com/hotels/116874022.html | https://map.360.cn/?pid=2e891d93e91709bf,公开平台收录，当前营业状态未核实
九华山光华宾馆,hotel,池州市青阳县九华山风景区白马新村13号,117.7941326,30.4809991,unverified_listing,360,GCJ-02,117.79946,30.478506,https://map.360.cn/?pid=ac121f525a0b466a,公开平台收录，当前营业状态未核实
九华山光明山庄,hotel,池州市青阳县九华山景区芙蓉路15号,117.7995594,30.4807538,unverified_listing,360,GCJ-02,117.804875,30.478252,https://map.360.cn/?pid=69fcbefcd569f6a3,公开平台收录，当前营业状态未核实
九华山六如·云见花园民宿(九华街肉身宝殿店),hotel,青阳杜村乡龙池路小马土菜西39米,117.789624,30.4828774,converted_listing,ctrip、360,GCJ-02,117.794961,30.480392,https://hotels.ctrip.com/hotels/126901438.html | https://map.360.cn/?pid=57827f6f0fb9ccd9,公开平台收录，当前营业状态未核实
九华山兰心小筑民宿(甘露古寺店),hotel,青阳乔安村乔西组13号,117.794215,30.4996096,converted_listing,ctrip,GCJ-02,117.799544,30.497122,https://hotels.ctrip.com/hotels/131833150.html,公开平台收录，当前营业状态未核实
九华山兴霞山庄,hotel,青阳九华山风景区白马新村3号,117.7950477,30.4805969,converted_listing,ctrip、360,GCJ-02,117.800373,30.478102,https://hotels.ctrip.com/hotels/4816030.html | https://map.360.cn/?pid=01f86f32ccb30aa3,公开平台收录，当前营业状态未核实
九华山军家饭店民宿,hotel,池州市青阳县九华山风景区凤行新村113号,117.7916209,30.4848458,unverified_listing,360,GCJ-02,117.796954,30.482358,https://map.360.cn/?pid=2b08e4738f14cc87,公开平台收录，当前营业状态未核实
九华山军民山庄,hotel,池州市青阳县九华镇白马新村109号,117.7908486,30.4821407,unverified_listing,360,GCJ-02,117.796183,30.479653,https://map.360.cn/?pid=d8abe8f97ea68784,公开平台收录，当前营业状态未核实
九华山农家小乐,hotel,池州市青阳县九华山风景区白马新村,117.7949278,30.4798061,unverified_listing,360,GCJ-02,117.800254,30.477311,https://map.360.cn/?pid=e9f682fddaabe732,公开平台收录，当前营业状态未核实
九华山冬梅酒店,hotel,池州市青阳县九华山镇武警招待所旁,117.7926423,30.4825672,unverified_listing,360,GCJ-02,117.797973,30.480077,https://map.360.cn/?pid=1e3ca734b982a8d7,公开平台收录，当前营业状态未核实
九华山净悦民宿(九华山上店),hotel,青阳九华山风景区九华镇凤形新村59号,117.7863473,30.4842408,converted_listing,ctrip、360,GCJ-02,117.791691,30.48176,https://hotels.ctrip.com/hotels/28634825.html | https://map.360.cn/?pid=e7a522718c4c1928,公开平台收录，当前营业状态未核实
九华山凡心居民宿(肉身宝殿店),hotel,青阳九华山风景区九华镇白马新村146号,117.7925537,30.4812894,converted_listing,ctrip、360,GCJ-02,117.797885,30.478799,https://hotels.ctrip.com/hotels/100360798.html | https://map.360.cn/?pid=66446aab2a2f163c,公开平台收录，当前营业状态未核实
九华山凡舍壹号院(化城寺店),hotel,青阳九华山风景区九华镇化城路73号,117.7969779,30.4808179,converted_listing,ctrip、360,GCJ-02,117.802299,30.47832,https://hotels.ctrip.com/hotels/56139071.html | https://map.360.cn/?pid=bde4c29fdda82a25,公开平台收录，当前营业状态未核实
九华山凡舍度假庭院,hotel,池州市青阳县九华山风景区化城路84号,117.7963973,30.4812308,unverified_listing,360,GCJ-02,117.80172,30.478734,https://map.360.cn/?pid=86766ae7a30c60d1,公开平台收录，当前营业状态未核实
九华山凡院民宿(肉身宝殿店),hotel,青阳九华山风景区凤形新村195号,117.7901316,30.4819252,converted_listing,ctrip、360,GCJ-02,117.795468,30.479438,https://hotels.ctrip.com/hotels/108717908.html | https://map.360.cn/?pid=8a3580242d924c57,公开平台收录，当前营业状态未核实
九华山凤栖里民宿(九华山上肉身宝殿店),hotel,青阳九华山风景区凤形新村57号,117.7921555,30.4842534,converted_listing,ctrip、360,GCJ-02,117.797488,30.481764,https://hotels.ctrip.com/hotels/125781959.html | https://map.360.cn/?pid=841d713eefc89a39,公开平台收录，当前营业状态未核实
九华山凤祥山庄,hotel,池州市青阳县九华山风景区灯塔新村180号,117.7931925,30.4852408,unverified_listing,360,GCJ-02,117.798522,30.48275,https://map.360.cn/?pid=66086548c9faeebe,公开平台收录，当前营业状态未核实
九华山初见海棠民宿(肉身宝殿店),hotel,青阳九华山风景区灯塔新村167号,117.7950133,30.4851443,converted_listing,ctrip、360,GCJ-02,117.800339,30.482651,https://hotels.ctrip.com/hotels/94960611.html | https://map.360.cn/?pid=b5516ed7e46a33a6 | https://map.360.cn/?pid=e42ced68462ae876,公开平台收录，当前营业状态未核实
九华山利和生客栈,hotel,池州市青阳县九华镇山风景区化城路53号,117.7985735,30.4809017,unverified_listing,360,GCJ-02,117.803891,30.478401,https://map.360.cn/?pid=741caec72fbeea44 | https://map.360.cn/?pid=d9f8b8e97033ba3e,公开平台收录，当前营业状态未核实
九华山化城山庄(化城寺店),hotel,青阳九华山风景区九华镇化城路43号,117.796907,30.4808413,converted_listing,ctrip、360,GCJ-02,117.802228,30.478344,https://hotels.ctrip.com/hotels/8529858.html | https://map.360.cn/?pid=fc59e24e69ac68d3,公开平台收录，当前营业状态未核实
九华山北门夏舍(肉身宝殿店),hotel,青阳九华镇白马新村134号,117.7920305,30.4818404,converted_listing,ctrip、360,GCJ-02,117.797363,30.479351,https://hotels.ctrip.com/hotels/11245688.html | https://map.360.cn/?pid=4515da10d0bb41c1,公开平台收录，当前营业状态未核实
九华山千与千寻民宿,hotel,青阳九华山风景区白云新村20号,117.7864797,30.4858233,converted_listing,ctrip、360,GCJ-02,117.791824,30.483343,https://hotels.ctrip.com/hotels/80910925.html | https://map.360.cn/?pid=e6ef3060d8954e81,公开平台收录，当前营业状态未核实
九华山半出美宿,hotel,池州市青阳县九华山风景区九华街化城路66号,117.796759,30.4804932,unverified_listing,360,GCJ-02,117.802081,30.477996,https://map.360.cn/?pid=84ea0f49c73322ad,公开平台收录，当前营业状态未核实
九华山半舍归山民宿(化城寺店),hotel,安徽青阳九华镇化城路75号,117.79670751,30.48133913,converted_listing,ctrip、360,BD-09,117.808565,30.484699,https://hotels.ctrip.com/hotels/133189823.html | https://map.360.cn/?pid=ff73c83712f3578f,公开资料收录，当前营业状态未核实
九华山华乐山庄,hotel,九华山风景区白马新村7号,117.7949122,30.4807006,converted_listing,ctrip、360,GCJ-02,117.800238,30.478206,https://hotels.ctrip.com/hotels/4816032.html | https://hotels.ctrip.com/hotels/list?countryId=1&city=20932&optionId=12650&optionType=Zone&optionName=%E4%B9%9D%E5%8D%8E%E5%B1%B1%E4%B8%8A&lowPrice=296&highPrice=300 | https://map.360.cn/?pid=99956a5b4972fa47,公开平台收录，当前营业状态未核实
九华山华云兰舍民宿,hotel,青阳九华镇灯塔新村157号,117.794044,30.4858602,converted_listing,ctrip,GCJ-02,117.799372,30.483369,https://hotels.ctrip.com/hotels/844105.html,公开平台收录，当前营业状态未核实
九华山华云饭店（消防中队后50米）,hotel,池州市青阳县消防中队后50米,117.7993676,30.4973201,unverified_listing,360,GCJ-02,117.804685,30.494823,https://map.360.cn/?pid=9d3504047b72b0e8,公开平台收录，当前营业状态未核实
九华山华亭民宿 (肉身宝殿店),hotel,青阳九华山风景区白马新村2号,117.7950915,30.4805185,converted_listing,ctrip、360,GCJ-02,117.800417,30.478024,https://hotels.ctrip.com/hotels/4818200.html | https://map.360.cn/?pid=a48cee3fea3850d9,公开平台收录，当前营业状态未核实
九华山华兴大酒店,hotel,池州市青阳县九华山白马新村125号,117.7918356,30.4807674,unverified_listing,360,GCJ-02,117.797168,30.478278,https://map.360.cn/?pid=0f3f096021159257,公开平台收录，当前营业状态未核实
九华山华凌山庄,hotel,青阳九华山风景区灯塔新村100号,117.7978616,30.483697,converted_listing,ctrip、360,GCJ-02,117.803181,30.481199,https://hotels.ctrip.com/hotels/6803434.html | https://map.360.cn/?pid=b288277dcda15c3c,公开平台收录，当前营业状态未核实
九华山华天山庄,hotel,青阳九华山风景区九华镇华城路2号,117.798043,30.4847015,converted_listing,ctrip、360,GCJ-02,117.803362,30.482203,https://hotels.ctrip.com/hotels/110656864.html | https://map.360.cn/?pid=9f321290c0939564 | https://map.360.cn/?pid=b9f02189e7602da0,公开平台收录，当前营业状态未核实
九华山华宸山居,hotel,青阳九华山风景区九华镇白云新村5号,117.7859419,30.4852038,converted_listing,ctrip,GCJ-02,117.791287,30.482724,https://hotels.ctrip.com/hotels/28325958.html,公开平台收录，当前营业状态未核实
九华山华溢商务宾馆,hotel,池州市青阳县青阳九华山风景区旅游接待中心九华新街附近,117.8001858,30.5021235,unverified_listing,360,GCJ-02,117.805502,30.499627,https://map.360.cn/?pid=b901a92490886b85,公开平台收录，当前营业状态未核实
九华山华灵宾馆,hotel,池州市青阳县九华山风景区灯塔新村91号,117.7970779,30.4841443,unverified_listing,360,GCJ-02,117.802399,30.481647,https://map.360.cn/?pid=77a158c6eb3bc8be,公开平台收录，当前营业状态未核实
九华山华路运来客栈,hotel,青阳九华山风景区九华街灯塔新村137号,117.7961587,30.4849558,converted_listing,ctrip、360,GCJ-02,117.801482,30.482461,https://hotels.ctrip.com/hotels/63054773.html | https://map.360.cn/?pid=87bd8d5dc1b5428b,公开平台收录，当前营业状态未核实
九华山南台山居,hotel,池州市青阳县九华镇白马新村175号,117.7920044,30.4807015,unverified_listing,360,GCJ-02,117.797336,30.478212,https://map.360.cn/?pid=3e93878cc97df68f,公开平台收录，当前营业状态未核实
九华山南园伴舍民宿(化成寺店),hotel,青阳九华山风景区灯塔新村148号,117.7954437,30.4856691,converted_listing,ctrip、360,GCJ-02,117.800769,30.483175,https://hotels.ctrip.com/hotels/116957941.html | https://map.360.cn/?pid=d1a245ac1027c23b,公开平台收录，当前营业状态未核实
九华山南有乔木民宿(肉身宝殿店),hotel,青阳九华山风景区九华镇白云新村20号,117.7863338,30.4858575,converted_listing,ctrip,GCJ-02,117.791678,30.483377,https://hotels.ctrip.com/hotels/120878433.html,公开平台收录，当前营业状态未核实
九华山南门老街民宿(芙蓉路分店),hotel,池州市青阳县芙蓉路胡海小栈,117.7946318,30.4800072,unverified_listing,360,GCJ-02,117.799958,30.477513,https://map.360.cn/?pid=d2a71d2aba10232f,公开平台收录，当前营业状态未核实
九华山卫华饭店,hotel,青阳九华山风景区凤形新村82号,117.7918898,30.4844671,converted_listing,ctrip、360,GCJ-02,117.797222,30.481978,https://hotels.ctrip.com/hotels/71941728.html | https://map.360.cn/?pid=4cec3a43613b031d,公开平台收录，当前营业状态未核实
九华山友家客栈,hotel,青阳九华山风景区灯塔新村145号,117.7958575,30.4854436,converted_listing,ctrip、360,GCJ-02,117.801182,30.482949,https://hotels.ctrip.com/hotels/840257.html | https://map.360.cn/?pid=be60a1cb015479c3,公开平台收录，当前营业状态未核实
九华山友缘人家民宿,hotel,池州市青阳县九华山风景区上闵园1号,117.794932,30.4634238,unverified_listing,360,GCJ-02,117.800256,30.460925,https://map.360.cn/?pid=4c265e79ac9c8d96,公开平台收录，当前营业状态未核实
九华山友谊山庄,hotel,池州市青阳县九华山旅游风景区灯塔新村154号,117.7959002,30.4862128,unverified_listing,360,GCJ-02,117.801224,30.483718,https://map.360.cn/?pid=9cddcffe6e68d99f,公开平台收录，当前营业状态未核实
九华山叶子客栈,hotel,池州市青阳县九华镇灯塔新村171号,117.7938022,30.485596,unverified_listing,360,GCJ-02,117.799131,30.483105,https://map.360.cn/?pid=92e5167a04da0c9b,公开平台收录，当前营业状态未核实
九华山叶家山庄,hotel,池州市青阳县219省道九华山风景区花台东50米,117.796562,30.505991,unverified_listing,360,GCJ-02,117.801886,30.503501,https://map.360.cn/?pid=9b8b61f522cd897f,公开平台收录，当前营业状态未核实
九华山叶庄主客栈,hotel,池州市青阳县九华山风景区桥庵村河东组8号,117.7989362,30.4736132,unverified_listing,360,GCJ-02,117.804252,30.47111,https://map.360.cn/?pid=6f691ad3e59b4c76,公开平台收录，当前营业状态未核实
九华山合肥饭店,hotel,池州市青阳县九华山风景区九华镇白马新村205号,117.7906902,30.4819252,unverified_listing,360,GCJ-02,117.796025,30.479438,https://map.360.cn/?pid=484a5ca3e4107c20,公开平台收录，当前营业状态未核实
九华山合适居民宿,hotel,青阳九华山九华镇凤形新村,117.7929143,30.4857989,converted_listing,ctrip、360,GCJ-02,117.798245,30.483309,https://hotels.ctrip.com/hotels/72942096.html | https://map.360.cn/?pid=b5564c5957180f6f,公开平台收录，当前营业状态未核实
九华山吉兴山庄,hotel,青阳九华山风景区灯塔新村132号,117.7962858,30.4846835,converted_listing,ctrip、360,GCJ-02,117.801609,30.482188,https://hotels.ctrip.com/hotels/2869849.html | https://map.360.cn/?pid=2ce5d188ef43b0b8,公开平台收录，当前营业状态未核实
九华山吉祥云居民宿,hotel,青阳九华镇上闵园24号,117.7977887,30.4653255,converted_listing,ctrip,GCJ-02,117.803107,30.462822,https://hotels.ctrip.com/hotels/133580747.html,公开平台收录，当前营业状态未核实
九华山吉祥农家乐,hotel,九华山风景区内,117.7975052,30.4651551,converted_listing,ctrip,BD-09,117.80934226842928,30.468519366829135,https://hotels.ctrip.com/hotels/1618693.html | https://hotels.ctrip.com/hotels/list?countryId=1&city=20932&optionId=12650&optionType=Zone&optionName=%E4%B9%9D%E5%8D%8E%E5%B1%B1%E4%B8%8A&lowPrice=267&highPrice=269 | https://hotels.ctrip.com/hotels/list?countryId=1&city=20932&optionId=12650&optionType=Zone&optionName=%E4%B9%9D%E5%8D%8E%E5%B1%B1%E4%B8%8A&lowPrice=267&highPrice=268 | https://hotels.ctrip.com/hotels/list?countryId=1&city=20932&optionId=12650&optionType=Zone&optionName=%E4%B9%9D%E5%8D%8E%E5%B1%B1%E4%B8%8A&lowPrice=268&highPrice=269 | https://map.360.cn/?pid=36707dbc52bef1ce,公开平台收录，当前营业状态未核实
九华山同发民宿(化城寺店),hotel,青阳九华山风景区化成路56号,117.7972134,30.4805762,converted_listing,ctrip、360,GCJ-02,117.802534,30.478078,https://hotels.ctrip.com/hotels/58783359.html | https://map.360.cn/?pid=16c522712d2f6c4e | https://map.360.cn/?pid=fb1dce0787012dbd,公开平台收录，当前营业状态未核实
九华山君临驿栈,hotel,池州市青阳县九华山风景区灯塔新村146号,117.7962327,30.484605,unverified_listing,360,GCJ-02,117.801556,30.48211,https://map.360.cn/?pid=86382af4d5c8924c,公开平台收录，当前营业状态未核实
九华山听山语民宿(化城寺店),hotel,青阳九华镇九华山风景区灯塔新村6号,117.7975698,30.4822985,converted_listing,ctrip,GCJ-02,117.80289,30.4798,https://hotels.ctrip.com/hotels/135796149.html,公开平台收录，当前营业状态未核实
九华山和平山庄(肉身宝殿店),hotel,青阳九华山风景区白马新村194号,117.7936605,30.480789,converted_listing,ctrip、360,GCJ-02,117.798989,30.478297,https://hotels.ctrip.com/hotels/10897230.html | https://map.360.cn/?pid=1bc776ad409d9f8d | https://map.360.cn/?pid=ff4e88354433e337,公开平台收录，当前营业状态未核实
九华山和瑞居（204号）,hotel,池州市青阳县九华山风景区九华街204号,117.7908017,30.4820009,unverified_listing,360,GCJ-02,117.796136,30.479513,https://map.360.cn/?pid=f5432997f6025790,公开平台收录，当前营业状态未核实
九华山和瑞居（白马新村204号）,hotel,池州市青阳县九华镇山风景区白马新村204号,117.7954583,30.4800018,unverified_listing,360,GCJ-02,117.800783,30.477506,https://map.360.cn/?pid=ac5b3b028539559d,公开平台收录，当前营业状态未核实
九华山品味轩,hotel,池州市青阳县九华山风景区灯塔新村76号,117.7966391,30.4844229,unverified_listing,360,GCJ-02,117.801961,30.481927,https://map.360.cn/?pid=059df8ed208c0b21,公开平台收录，当前营业状态未核实
九华山喜悦家民宿(化城寺店),hotel,青阳九华镇灯塔新村69-70号,117.7968246,30.483661,converted_listing,ctrip,GCJ-02,117.802147,30.481164,https://hotels.ctrip.com/hotels/133946201.html,公开平台收录，当前营业状态未核实
九华山喜林山居(肉身宝殿店),hotel,青阳九华山风景区白马新村133号,117.7917616,30.4819982,converted_listing,ctrip、360,GCJ-02,117.797094,30.479509,https://hotels.ctrip.com/hotels/25690294.html | https://map.360.cn/?pid=5b8eaad56c40b440 | https://map.360.cn/?pid=6ac1f22b3c44bd3d,公开平台收录，当前营业状态未核实
九华山喜舍(肉身宝殿店),hotel,安徽青阳九华山风景区白马新村130号,117.79203077,30.48184019,converted_listing,ctrip、360,BD-09,117.803918,30.485134,https://hotels.ctrip.com/hotels/19588028.html | https://map.360.cn/?pid=541058cd3672eedd,公开资料收录，当前营业状态未核实
九华山喜见民宿(化城寺店),hotel,青阳九华山风景区九华镇芙蓉社区芙蓉路28号附2号,117.798933,30.4788593,converted_listing,ctrip、360,GCJ-02,117.80425,30.476358,https://hotels.ctrip.com/hotels/120312889.html | https://map.360.cn/?pid=05f4428d130416a1,公开平台收录，当前营业状态未核实
九华山喬家山庄,hotel,灯塔新村42号,117.7957324,30.4828314,converted_listing,ctrip、360,GCJ-02,117.801057,30.480336,https://hotels.ctrip.com/hotels/17373588.html | https://map.360.cn/?pid=f9557d6c0bd841d6,公开平台收录，当前营业状态未核实
九华山回忆客栈,hotel,池州市青阳县白马新村126号,117.7918721,30.4812597,unverified_listing,360,GCJ-02,117.797205,30.47877,https://map.360.cn/?pid=a7d42a3a6495e684,公开平台收录，当前营业状态未核实
九华山国庆山庄,hotel,池州市青阳县九华山风景区九华山上凤形村39号,117.7984015,30.4847683,unverified_listing,360,GCJ-02,117.80372,30.482269,https://map.360.cn/?pid=f7f08d52b533ff1d,公开平台收录，当前营业状态未核实
九华山圣竹别院民宿(九华山风景区店),hotel,青阳九华乡桥安村乔东队14号,117.7948267,30.5012507,converted_listing,ctrip,GCJ-02,117.800155,30.498762,https://hotels.ctrip.com/hotels/17311750.html,公开平台收录，当前营业状态未核实
九华山圣苑山庄(检票口祗园寺店),hotel,安徽青阳九华镇灯塔新村55号,117.79720266,30.48326848,converted_listing,ctrip、360,BD-09,117.809059,30.486637,https://hotels.ctrip.com/hotels/1010748.html | https://map.360.cn/?pid=4661ec968ec6179b,公开资料收录，当前营业状态未核实
九华山坐忘山里民宿(九华山上肉身宝殿店),hotel,青阳九华山山风景区九华镇凤形新村63号,117.7922827,30.483862,converted_listing,ctrip、360,GCJ-02,117.797614,30.481373,https://hotels.ctrip.com/hotels/121946962.html | https://map.360.cn/?pid=5aed06307e145161,公开平台收录，当前营业状态未核实
九华山境初民宿(肉身宝殿店),hotel,青阳九华镇龙池路白马新村205号,117.7905797,30.4821623,converted_listing,ctrip,GCJ-02,117.795915,30.479675,https://hotels.ctrip.com/hotels/133588374.html,公开平台收录，当前营业状态未核实
九华山夏至未至民宿(肉身宝殿店),hotel,池州市青阳县凤形新村113号,117.7917053,30.4849143,unverified_listing,360,GCJ-02,117.797038,30.482426,https://map.360.cn/?pid=ee29c792967d77a2,公开平台收录，当前营业状态未核实
九华山大屋小栈民宿,hotel,青阳九华山风景区化城路96号,117.7956105,30.4803039,converted_listing,ctrip,GCJ-02,117.800935,30.477808,https://hotels.ctrip.com/hotels/8424277.html,公开平台收录，当前营业状态未核实
九华山大自在宾馆,hotel,青阳九华山风景区白马新村197号,117.7945495,30.4807782,converted_listing,ctrip、360、fliggy,GCJ-02,117.799876,30.478284,https://hotels.ctrip.com/hotels/1686572.html | https://map.360.cn/?pid=a1568a241c759811 | https://hotel.fliggy.com/hotel_list3.htm?city=341700 | https://hotel.fliggy.com/hotel_detail2.htm?shid=50122565,公开平台收录，当前营业状态未核实
九华山大逸之野客栈,hotel,池州市青阳县九华山风景区白云新村,117.7892728,30.4853463,unverified_listing,360,GCJ-02,117.794611,30.482862,https://map.360.cn/?pid=e13b38ab87122fdc,公开平台收录，当前营业状态未核实
九华山天久香饭店,hotel,池州市青阳县九华山风景区凤形新村50号(山上),117.7926965,30.485578,unverified_listing,360,GCJ-02,117.798027,30.483088,https://map.360.cn/?pid=c681210fab2f59bf,公开平台收录，当前营业状态未核实
九华山天云山庄,hotel,池州市青阳县九华山风景名胜区白马新材209号,117.7989831,30.4847286,unverified_listing,360,GCJ-02,117.8043,30.482229,https://map.360.cn/?pid=e51391be64d3ec31,公开平台收录，当前营业状态未核实
九华山天云度假民宿(九华山上店),hotel,青阳九华山风景区九华镇白马新村209号,117.7899815,30.481716,converted_listing,ctrip,GCJ-02,117.795318,30.479229,https://hotels.ctrip.com/hotels/117303567.html,公开平台收录，当前营业状态未核实
九华山天外山庄,hotel,青阳化城路38号,117.798191,30.4807394,converted_listing,ctrip、360,GCJ-02,117.803509,30.47824,https://hotels.ctrip.com/hotels/15999045.html | https://map.360.cn/?pid=71ad38217274d468,公开平台收录，当前营业状态未核实
九华山天天有民宿(肉身宝殿店),hotel,青阳九华镇风形新村132号,117.7914312,30.4849711,converted_listing,ctrip,GCJ-02,117.796765,30.482483,https://hotels.ctrip.com/hotels/134773175.html,公开平台收录，当前营业状态未核实
九华山天天耍民宿,hotel,池州市青阳县九华山风景区九华镇化城路85-1号,117.7963015,30.4805365,unverified_listing,360,GCJ-02,117.801624,30.47804,https://map.360.cn/?pid=8afaba3cfad04699,公开平台收录，当前营业状态未核实
九华山太华山庄,hotel,池州市青阳县九华镇青阳芙蓉路9号,117.7993395,30.4817791,unverified_listing,360,GCJ-02,117.804655,30.479278,https://map.360.cn/?pid=a408cd970a00a0a9,公开平台收录，当前营业状态未核实
九华山奇松饭店,hotel,池州市青阳县中闵园30号,117.804882,30.4712101,unverified_listing,360,GCJ-02,117.810184,30.468696,https://map.360.cn/?pid=8cbde80842698ad2,公开平台收录，当前营业状态未核实
九华山好好民宿(山上店),hotel,青阳九华山风景区九华镇凤形新村39号,117.7905954,30.4854175,converted_listing,ctrip,GCJ-02,117.795931,30.482931,https://hotels.ctrip.com/hotels/131833607.html,公开平台收录，当前营业状态未核实
九华山如你所院民宿(肉身宝殿店),hotel,池州市青阳县九华镇凤形新村49号,117.7918189,30.4854337,unverified_listing,360,GCJ-02,117.797152,30.482945,https://map.360.cn/?pid=23337d4713cb0fe6,公开平台收录，当前营业状态未核实
九华山如壹民宿(化城寺店),hotel,青阳九华镇灯塔新村54号,117.7975448,30.4831659,converted_listing,ctrip,GCJ-02,117.802865,30.480668,https://hotels.ctrip.com/hotels/128044932.html,公开平台收录，当前营业状态未核实
九华山如山民宿(九华山上店),hotel,安徽青阳九华镇灯塔新村161-1号,117.79438795,30.48377195,converted_listing,ctrip、360,BD-09,117.806263,30.487099,https://hotels.ctrip.com/hotels/104354966.html | https://map.360.cn/?pid=88d2a158b4223cf4 | https://you.ctrip.com/yougourmet/restdetail/jiuhuamountain182/136601266.html,公开资料收录，当前营业状态未核实
九华山如愿山庄(九华山上店),hotel,青阳九华山风景区九华镇白云新村白云小区,117.7876271,30.4849143,converted_listing,ctrip,GCJ-02,117.792969,30.482432,https://hotels.ctrip.com/hotels/6720108.html,公开平台收录，当前营业状态未核实
九华山妙有小巢民宿(肉身宝殿店),hotel,青阳九华山风景区九华镇九华街白马新村4号,117.79503,30.4808702,converted_listing,ctrip、360,GCJ-02,117.800356,30.478376,https://hotels.ctrip.com/hotels/1682821.html | https://map.360.cn/?pid=cc47f2d18a99a4e8 | https://you.ctrip.com/yougourmet/restdetail/jiuhuamountain182/43226643.html,公开平台收录，当前营业状态未核实
九华山子疏民宿(九华街店),hotel,"青阳九华山风景区, 近大雄宝殿, 近灯塔停车场",117.7960701,30.4851154,converted_listing,ctrip、360,GCJ-02,117.801394,30.48262,https://hotels.ctrip.com/hotels/13695491.html | https://map.360.cn/?pid=4afe6801f2794e37,公开平台收录，当前营业状态未核实
九华山宁家民宿,hotel,池州市青阳县九华山风景区九华镇中闵园60号,117.8074573,30.4706195,unverified_listing,360,GCJ-02,117.812753,30.468101,https://map.360.cn/?pid=b87b761274c32003 | https://map.360.cn/?pid=e1a246d2c62052f1,公开平台收录，当前营业状态未核实
九华山宁家民宿(肉身宝殿店),hotel,青阳九华山风景区九华镇灯塔新村162号,117.795277,30.4852065,converted_listing,ctrip,GCJ-02,117.800602,30.482713,https://hotels.ctrip.com/hotels/133354926.html,公开平台收录，当前营业状态未核实
九华山安之·云隐里民宿(化城寺店),hotel,青阳九华山风景区灯塔新村96号,117.7971853,30.4842858,converted_listing,ctrip、360,GCJ-02,117.802506,30.481789,https://hotels.ctrip.com/hotels/1003508.html | https://map.360.cn/?pid=23c4738a59b68bf2,公开平台收录，当前营业状态未核实
九华山安然客栈,hotel,池州市青阳县九华山风景区灯塔新村191号,117.7962421,30.4849766,unverified_listing,360,GCJ-02,117.801565,30.482481,https://map.360.cn/?pid=0a29dca57b01ca87,公开平台收录，当前营业状态未核实
九华山宏兴山庄,hotel,池州市青阳县九华镇山风景区凤形新村38号,117.7891905,30.4818188,unverified_listing,360,GCJ-02,117.794528,30.479333,https://map.360.cn/?pid=46bad439f6a86c46,公开平台收录，当前营业状态未核实
九华山宏梅旅店,hotel,池州市青阳县九华山聚龙大酒店上30米,117.7981649,30.4830938,unverified_listing,360,GCJ-02,117.803484,30.480595,https://map.360.cn/?pid=c0abf3b4c39839e2,公开平台收录，当前营业状态未核实
九华山宜家人公寓,hotel,池州市青阳县九华山风景区九华镇凤形新村116号,117.7901045,30.482165,unverified_listing,360,GCJ-02,117.795441,30.479678,https://map.360.cn/?pid=607d84174a29aca4,公开平台收录，当前营业状态未核实
九华山宜铭悠居民宿,hotel,青阳九华乡桥庵村桥东组23号,117.7967194,30.5003228,converted_listing,ctrip,GCJ-02,117.802043,30.497831,https://hotels.ctrip.com/hotels/126907708.html,公开平台收录，当前营业状态未核实
九华山家美山庄,hotel,青阳九华山风景区凤形新村13号,117.7929997,30.4855708,converted_listing,ctrip、360,GCJ-02,117.79833,30.483081,https://hotels.ctrip.com/hotels/6342108.html | https://map.360.cn/?pid=4e09a2cf57616cdc,公开平台收录，当前营业状态未核实
九华山宽宽民宿,hotel,青阳九华镇白云新村8号,117.7840117,30.4844581,converted_listing,ctrip,GCJ-02,117.78936,30.481981,https://hotels.ctrip.com/hotels/133163383.html,公开平台收录，当前营业状态未核实
九华山宿山房民宿(肉身宝殿店),hotel,青阳九华镇白马新村110号,117.7908726,30.481881,converted_listing,ctrip,GCJ-02,117.796207,30.479393,https://hotels.ctrip.com/hotels/125617905.html,公开平台收录，当前营业状态未核实
九华山富园居酒店,hotel,池州市青阳县九华山风景区凤形新村30号,117.7915459,30.4852642,unverified_listing,360,GCJ-02,117.796879,30.482776,https://map.360.cn/?pid=dbdaab0c21a3a314,公开平台收录，当前营业状态未核实
九华山富领山庄,hotel,池州市青阳县白马新村14号,117.7951123,30.4812453,unverified_listing,360,GCJ-02,117.800438,30.478751,https://map.360.cn/?pid=16d17aaf19667585,公开平台收录，当前营业状态未核实
九华山小乔家民宿(化城寺店),hotel,青阳九华山风景区化城路54号,117.7970831,30.480523,converted_listing,ctrip,GCJ-02,117.802404,30.478025,https://hotels.ctrip.com/hotels/126546880.html,公开平台收录，当前营业状态未核实
九华山小刘公寓,hotel,池州市青阳县九华镇凤形新村新区,117.7892843,30.4850748,unverified_listing,360,GCJ-02,117.794622,30.48259,https://map.360.cn/?pid=ba4e7bffc57b78b4,公开平台收录，当前营业状态未核实
九华山小张家文艺民宿(九华山上店),hotel,安徽青阳九华山风景区芙蓉路10号,117.80003181,30.4814688,converted_listing,ctrip、360,BD-09,117.811867,30.484881,https://hotels.ctrip.com/hotels/99939705.html | https://map.360.cn/?pid=6f9cc5c8e262d81b,公开资料收录，当前营业状态未核实
九华山小杨驿站民宿(肉身宝殿店),hotel,青阳九华山风景区九华镇白马新村201号,117.7906871,30.4822173,converted_listing,ctrip、360,GCJ-02,117.796022,30.47973,https://hotels.ctrip.com/hotels/123742054.html | https://map.360.cn/?pid=e12ec2c9b370b827,公开平台收录，当前营业状态未核实
九华山小柯客栈,hotel,池州市青阳县九华山风景区灯塔停车场137号,117.7960013,30.4848269,unverified_listing,360,GCJ-02,117.801325,30.482332,https://map.360.cn/?pid=892bf59722fda30b,公开平台收录，当前营业状态未核实
九华山小罗客栈,hotel,青阳九华山风景区山上,117.8188059,30.4811948,converted_listing,ctrip、360,GCJ-02,117.824074,30.478658,https://hotels.ctrip.com/hotels/12827298.html | https://map.360.cn/?pid=dea37e93a768833c,公开平台收录，当前营业状态未核实
九华山小陈客栈(芙蓉路分店),hotel,池州市青阳县芙蓉路九华山合适居民宿,117.7930591,30.4857962,unverified_listing,360,GCJ-02,117.798389,30.483306,https://map.360.cn/?pid=5085f8b4663eadb6,公开平台收录，当前营业状态未核实
九华山小马土菜馆民宿,hotel,池州市青阳县九华山风景区凤形新村180号,117.7900003,30.4834518,unverified_listing,360,GCJ-02,117.795337,30.480966,https://map.360.cn/?pid=6f65aede25b8475c,公开平台收录，当前营业状态未核实
九华山尔年民宿,hotel,青阳九华山风景区九华镇凤形新村29号,117.7882806,30.4851434,converted_listing,ctrip,GCJ-02,117.793621,30.48266,https://hotels.ctrip.com/hotels/123582757.html,公开平台收录，当前营业状态未核实
九华山尚泉林舍民宿(肉身宝殿店),hotel,青阳九华山风景区九华镇凤形新村26号,117.7887923,30.4859441,converted_listing,ctrip、360,GCJ-02,117.794132,30.48346,https://hotels.ctrip.com/hotels/112724910.html | https://map.360.cn/?pid=2932a10d87aa96d7,公开平台收录，当前营业状态未核实
九华山居之林民宿(肉身宝殿店),hotel,安徽青阳九华山风景区凤形新村19号,117.7916304,30.4857518,converted_listing,ctrip、360,BD-09,117.803473,30.488953,https://hotels.ctrip.com/hotels/1391967.html | https://map.360.cn/?pid=3e95a4f55f92f2da,公开资料收录，当前营业状态未核实
九华山居然阁民宿(肉身宝殿店),hotel,青阳九华山风景区九华镇幼儿园旁边,117.7905109,30.4849612,converted_listing,ctrip、360,GCJ-02,117.795847,30.482475,https://hotels.ctrip.com/hotels/21509135.html | https://map.360.cn/?pid=cfb4c434d3b42eb7,公开平台收录，当前营业状态未核实
九华山山上·小钦家民宿,hotel,青阳九华山风景区九华镇灯塔新村187号,117.7939127,30.4859621,converted_listing,ctrip、360,GCJ-02,117.799241,30.483471,https://hotels.ctrip.com/hotels/97666595.html | https://map.360.cn/?pid=c25b499141d5e682,公开平台收录，当前营业状态未核实
九华山山上·梵尘民宿(肉身宝殿店),hotel,青阳九华山风景区九华镇白马新村204号2栋,117.7905443,30.481945,converted_listing,ctrip,GCJ-02,117.79588,30.479458,https://hotels.ctrip.com/hotels/99418576.html,公开平台收录，当前营业状态未核实
九华山山上·超航HOMESTAY民宿(肉身宝殿店),hotel,青阳九华山风景区白马新村205号,117.7905141,30.4818395,converted_listing,ctrip,GCJ-02,117.795849,30.479352,https://hotels.ctrip.com/hotels/134034668.html,公开平台收录，当前营业状态未核实
九华山山上树漫庭民宿(化城寺店),hotel,青阳九华镇化城路74号,117.7966631,30.4812254,converted_listing,ctrip、360,GCJ-02,117.801985,30.478728,https://hotels.ctrip.com/hotels/125454173.html | https://map.360.cn/?pid=9a040e1c937b1117,公开平台收录，当前营业状态未核实
九华山山中客栈(肉身宝殿店),hotel,青阳九华山风景区凤形新村191号,117.7903421,30.4821578,converted_listing,ctrip、360,GCJ-02,117.795678,30.479671,https://hotels.ctrip.com/hotels/121741104.html | https://map.360.cn/?pid=2c78254fc3815b1f,公开平台收录，当前营业状态未核实
九华山山前瀑布民宿(天台索道店),hotel,青阳九华镇中闵园1号,117.8014364,30.4682263,converted_listing,ctrip,GCJ-02,117.806746,30.465718,https://hotels.ctrip.com/hotels/125453398.html,公开平台收录，当前营业状态未核实
九华山山屿溪民宿(肉身宝殿店),hotel,青阳九华镇白马新村31号,117.7941993,30.4813814,converted_listing,ctrip、360,GCJ-02,117.799527,30.478888,https://hotels.ctrip.com/hotels/114327311.html | https://map.360.cn/?pid=bc66ed48259042be,公开平台收录，当前营业状态未核实
九华山山林小舍民宿,hotel,青阳九华山风景区白云新村1号,117.7869716,30.4848864,converted_listing,ctrip、360,GCJ-02,117.792314,30.482405,https://hotels.ctrip.com/hotels/25462378.html | https://map.360.cn/?pid=6c22df5bd8a7189c,公开平台收录，当前营业状态未核实
九华山山竹民宿,hotel,青阳九华乡乔安村乔东组大桥庵东南侧50米,117.795746,30.5000694,converted_listing,ctrip、360,GCJ-02,117.801072,30.497579,https://hotels.ctrip.com/hotels/85454881.html | https://map.360.cn/?pid=55a4adbd9650ac0e,公开平台收录，当前营业状态未核实
九华山山舍民宿,hotel,青阳九华镇白云居民区,117.7895021,30.4853895,converted_listing,ctrip、360,GCJ-02,117.79484,30.482905,https://hotels.ctrip.com/hotels/26449122.html | https://map.360.cn/?pid=c31ca994bfff0720,公开平台收录，当前营业状态未核实
九华山山语清舍民宿(景区店),hotel,池州市青阳县九华镇灯塔新村186号,117.7939263,30.4858305,unverified_listing,360,GCJ-02,117.799255,30.483339,https://map.360.cn/?pid=4bd126080504420c,公开平台收录，当前营业状态未核实
九华山山里人家客栈,hotel,池州市青阳县九华山核心景区九华街灯塔新村93号,117.7968236,30.4840676,unverified_listing,360,GCJ-02,117.802146,30.481571,https://map.360.cn/?pid=9669cfd4d8dbc63d,公开平台收录，当前营业状态未核实
九华山岚溪民宿(天台索道店),hotel,青阳九华山风景区九华镇龙池路上闵园10号,117.7958137,30.4625627,converted_listing,ctrip、360,GCJ-02,117.801136,30.460062,https://hotels.ctrip.com/hotels/132489037.html | https://map.360.cn/?pid=5f37bba9c00bb8bf,公开平台收录，当前营业状态未核实
九华山崇德山庄,hotel,池州市青阳县九华山灯塔新村151号,117.7955688,30.4858233,unverified_listing,360,GCJ-02,117.800894,30.483329,https://map.360.cn/?pid=ff8db369a19e92a4,公开平台收录，当前营业状态未核实
九华山巢湖客栈(肉身宝殿店),hotel,青阳九华山风景区白马新村125号,117.793352,30.4778458,converted_listing,ctrip、360,GCJ-02,117.798681,30.475353,https://hotels.ctrip.com/hotels/4602351.html | https://map.360.cn/?pid=62403b166aac4292,公开平台收录，当前营业状态未核实
九华山巷往民宿,hotel,青阳九华镇凤形新村189号,117.789501,30.4823778,converted_listing,ctrip,GCJ-02,117.794839,30.479892,https://hotels.ctrip.com/hotels/131830042.html,公开平台收录，当前营业状态未核实
九华山巷里民宿(化城寺店),hotel,安徽青阳九华山风景区九华镇化城路67号,117.7967132,30.48074637,converted_listing,ctrip、360,BD-09,117.80857,30.484106,https://hotels.ctrip.com/hotels/106278876.html | https://map.360.cn/?pid=fd6db950f3070a9e,公开资料收录，当前营业状态未核实
九华山常客居民宿,hotel,池州市青阳县九华山风景区九华镇灯塔新村162号,117.7952394,30.4852714,unverified_listing,360,GCJ-02,117.800565,30.482778,https://map.360.cn/?pid=f1f149b5d2885a57,公开平台收录，当前营业状态未核实
九华山常相聚民宿,hotel,池州市青阳县九华山风景区九华镇白马新村123号,117.7919554,30.4809567,unverified_listing,360,GCJ-02,117.797288,30.478467,https://map.360.cn/?pid=921b5cba95d11b8c,公开平台收录，当前营业状态未核实
九华山幸芸山庄(九华山上店),hotel,青阳九华山风景区灯塔新村128号,117.7969007,30.4849324,converted_listing,ctrip、360,GCJ-02,117.802223,30.482436,https://hotels.ctrip.com/hotels/7924824.html | https://map.360.cn/?pid=3e51c5a70a76f90e,公开平台收录，当前营业状态未核实
九华山庄酒店,hotel,池州市青阳县九华镇灯塔新村86号,117.7962223,30.4842994,unverified_listing,360,GCJ-02,117.801545,30.481804,https://map.360.cn/?pid=6ef7c22458559da7,公开平台收录，当前营业状态未核实
九华山弘九山居(化城寺店),hotel,青阳九华镇灯塔新村13号,117.7966537,30.4822417,converted_listing,ctrip,GCJ-02,117.801976,30.479745,https://hotels.ctrip.com/hotels/47619409.html,公开平台收录，当前营业状态未核实
九华山归心小筑(肉身宝殿店),hotel,青阳九华街白马新村139号,117.7919242,30.4800712,converted_listing,ctrip、360,GCJ-02,117.797256,30.477581,https://hotels.ctrip.com/hotels/1210174.html | https://map.360.cn/?pid=476321347e791b38,公开平台收录，当前营业状态未核实
九华山归璞山居民宿(旃檀林店),hotel,九华镇九华街芙蓉路28–1号,117.7989268,30.4789252,converted_listing,ctrip、360,GCJ-02,117.804243,30.476424,https://hotels.ctrip.com/hotels/65192717.html | https://hotels.ctrip.com/hotels/list?countryId=1&city=20932&optionId=12650&optionType=Zone&optionName=%E4%B9%9D%E5%8D%8E%E5%B1%B1%E4%B8%8A&lowPrice=300&highPrice=304 | https://hotels.ctrip.com/hotels/list?countryId=1&city=20932&optionId=12650&optionType=Zone&optionName=%E4%B9%9D%E5%8D%8E%E5%B1%B1%E4%B8%8A&lowPrice=300&highPrice=302 | https://map.360.cn/?pid=9becce4ca17b8107,公开平台收录，当前营业状态未核实
九华山彩虹居,hotel,池州市青阳县九华镇山风景区凤形新村,117.7900242,30.4819892,unverified_listing,360,GCJ-02,117.795361,30.479503,https://map.360.cn/?pid=de6a14b9449456f6,公开平台收录，当前营业状态未核实
九华山彬华民宿(化城寺店),hotel,青阳九华山风景区九华镇化城路81号,117.7961941,30.4811443,converted_listing,ctrip、360,GCJ-02,117.801517,30.478648,https://hotels.ctrip.com/hotels/2029978.html | https://map.360.cn/?pid=a0dd77571dea649a,公开平台收录，当前营业状态未核实
九华山彼岸民宿,hotel,池州市青阳县九华镇凤形新村53号,117.7920492,30.4846087,unverified_listing,360,GCJ-02,117.797382,30.48212,https://map.360.cn/?pid=881131a8fb5c1603,公开平台收录，当前营业状态未核实
九华山德馨山庄,hotel,池州市青阳县九华山风景区闵园景区内,117.7975344,30.4655032,unverified_listing,360,GCJ-02,117.802853,30.463,https://map.360.cn/?pid=0b9f3f3f8c44b9a4,公开平台收录，当前营业状态未核实
九华山徽味酒楼,hotel,池州市青阳县九华山风景区灯塔新村40号,117.7959242,30.4828458,unverified_listing,360,GCJ-02,117.801248,30.48035,https://map.360.cn/?pid=7f4c86f5bf80b35e,公开平台收录，当前营业状态未核实
九华山徽景山庄酒店,hotel,池州市青阳县九华镇风行新村45号,117.7984234,30.4833291,unverified_listing,360,GCJ-02,117.803742,30.48083,https://map.360.cn/?pid=d9b81c90481c5ad9,公开平台收录，当前营业状态未核实
九华山徽韵诗澜里民宿(肉身宝殿店),hotel,青阳九华镇白马新村203号,117.7905735,30.4820045,converted_listing,ctrip、360,GCJ-02,117.795909,30.479517,https://hotels.ctrip.com/hotels/126693606.html | https://map.360.cn/?pid=e507f4dc0cbcd89b,公开平台收录，当前营业状态未核实
九华山心安·星庐民宿(肉身宝殿店),hotel,青阳凤形新村46号,117.7916136,30.4854058,converted_listing,ctrip,GCJ-02,117.796947,30.482918,https://hotels.ctrip.com/hotels/1623422.html,公开平台收录，当前营业状态未核实
九华山心源居,hotel,青阳九华山风景区九华镇化城路66号-1,117.7970279,30.4805113,converted_listing,ctrip、360,GCJ-02,117.802349,30.478013,https://hotels.ctrip.com/hotels/131557576.html | https://map.360.cn/?pid=f40b1c4099017094,公开平台收录，当前营业状态未核实
九华山心灵驿栈精品民宿(九华街店),hotel,安徽青阳九华镇灯塔新村164号,117.79611405,30.48460326,converted_listing,ctrip、360,BD-09,117.807979,30.487956,https://hotels.ctrip.com/hotels/831729.html | https://map.360.cn/?pid=7da72bece4857b4f,公开资料收录，当前营业状态未核实
九华山念山民宿,hotel,青阳九华山风景区上闵园19号,117.7971946,30.4647854,converted_listing,ctrip、360,GCJ-02,117.802514,30.462283,https://hotels.ctrip.com/hotels/840260.html | https://map.360.cn/?pid=f9e184ecf013ed7a,公开平台收录，当前营业状态未核实
九华山怡然山庄,hotel,池州市青阳县九华山灯塔新村95号,117.7966965,30.4843724,unverified_listing,360,GCJ-02,117.802019,30.481876,https://map.360.cn/?pid=794bd44bf12d8ebb | https://map.360.cn/?pid=b0c1e89e0dc7f091,公开平台收录，当前营业状态未核实
九华山息来小庄,hotel,池州市青阳县九华山风景区白马新村1号,117.7954375,30.4804004,unverified_listing,360,GCJ-02,117.800762,30.477905,https://map.360.cn/?pid=4fd6e8f65f17d390,公开平台收录，当前营业状态未核实
九华山悦庭楠墅,hotel,青阳青阳桥庵村上河洲1号,117.7954104,30.4996294,converted_listing,ctrip、360,GCJ-02,117.800737,30.49714,https://hotels.ctrip.com/hotels/80898502.html | https://map.360.cn/?pid=edf4de0ec6fcfb47,公开平台收录，当前营业状态未核实
九华山惜遇云谷度假民宿(肉身宝殿店),hotel,青阳九华山风景区九华镇白云新村21号,117.7868205,30.4859035,converted_listing,ctrip、360,GCJ-02,117.792164,30.483423,https://hotels.ctrip.com/hotels/88926715.html | https://map.360.cn/?pid=2d5716a1917336a2,公开平台收录，当前营业状态未核实
九华山惜遇山舍民宿,hotel,池州市青阳县九华山风景区凤形新村170号,117.7903359,30.483431,unverified_listing,360,GCJ-02,117.795672,30.480944,https://map.360.cn/?pid=a97a27fa3f80bfa6,公开平台收录，当前营业状态未核实
九华山惜遇舒卷山舍民宿(肉身宝殿店),hotel,青阳九华山风景区九华镇祇民社区白云新村22号,117.7867423,30.4859811,converted_listing,ctrip、360,GCJ-02,117.792086,30.4835,https://hotels.ctrip.com/hotels/80979848.html | https://map.360.cn/?pid=66c6bfdaf054712f,公开平台收录，当前营业状态未核实
九华山慧遇民宿,hotel,池州市青阳县九华山风景区九华镇凤形新村96号,117.7892905,30.4850748,unverified_listing,360,GCJ-02,117.794629,30.48259,https://map.360.cn/?pid=b72112e1695aa76d,公开平台收录，当前营业状态未核实
九华山我在客栈(月身宝殿店),hotel,青阳九华山风景区九华镇白马新村67号,117.7929612,30.4826925,converted_listing,ctrip、360,GCJ-02,117.798291,30.480202,https://hotels.ctrip.com/hotels/15161380.html | https://map.360.cn/?pid=30c0957933126594,公开平台收录，当前营业状态未核实
九华山择木小居民宿(九华山上店),hotel,青阳九华镇袛民社区白云居家点第四家,117.7893249,30.4854554,converted_listing,ctrip、360,GCJ-02,117.794663,30.482971,https://hotels.ctrip.com/hotels/80265819.html | https://map.360.cn/?pid=1d81beb03382731a,公开平台收录，当前营业状态未核实
九华山拾壹民宿(肉身宝殿店),hotel,青阳九华镇白马新村174号,117.7917793,30.4805068,converted_listing,ctrip,GCJ-02,117.797112,30.478017,https://hotels.ctrip.com/hotels/133745625.html,公开平台收录，当前营业状态未核实
九华山拾宜民宿(肉身宝殿化城寺店),hotel,青阳九华镇芙蓉路60号,117.7953093,30.4795744,converted_listing,ctrip、360,GCJ-02,117.800634,30.477079,https://hotels.ctrip.com/hotels/110572682.html | https://map.360.cn/?pid=47591749f16a3cdd,公开平台收录，当前营业状态未核实
九华山振华山庄,hotel,池州市青阳县九华山风景区芙蓉路,117.7989726,30.4834436,unverified_listing,360,GCJ-02,117.80429,30.480943,https://map.360.cn/?pid=c5840d5f230a9afa,公开平台收录，当前营业状态未核实
九华山斌鹰山庄,hotel,池州市青阳县九华镇山灯塔新村177号,117.7955646,30.4862444,unverified_listing,360,GCJ-02,117.800889,30.48375,https://map.360.cn/?pid=9d104d4f8f8152fa | https://map.360.cn/?pid=cd7793ef0c75d9fa,公开平台收录，当前营业状态未核实
九华山旃檀禅林九华苑宾馆,hotel,池州市青阳县旃檀禅林,117.7964974,30.4788179,unverified_listing,360,GCJ-02,117.80182,30.47632,https://map.360.cn/?pid=4b6f116a1f68844a,公开平台收录，当前营业状态未核实
九华山无它悠舍民宿(肉身宝殿风景区店),hotel,青阳凤形新村40号,117.7907861,30.4854211,converted_listing,ctrip、360,GCJ-02,117.796121,30.482934,https://hotels.ctrip.com/hotels/1623363.html | https://map.360.cn/?pid=94d847b9d33147bc,公开平台收录，当前营业状态未核实
九华山无所民宿,hotel,池州市青阳县白马新村8号,117.7951853,30.4804644,unverified_listing,360,GCJ-02,117.80051,30.477969,https://map.360.cn/?pid=203d24d02b5b8406,公开平台收录，当前营业状态未核实
九华山春意酒店,hotel,池州市青阳县九华山风景区凤形新村24号,117.789994,30.4855455,unverified_listing,360,GCJ-02,117.795331,30.48306,https://map.360.cn/?pid=1f7a97a9f968a0a3,公开平台收录，当前营业状态未核实
九华山春缘宾馆,hotel,池州市青阳县九华镇芙蓉路59号,117.7956897,30.4801686,unverified_listing,360,GCJ-02,117.801014,30.477673,https://map.360.cn/?pid=4cf7cc4da9e5579a,公开平台收录，当前营业状态未核实
九华山晓晓宾馆,hotel,青阳九华山风景区晓晓宾馆,117.7941785,30.4981821,converted_listing,ctrip、360,GCJ-02,117.799507,30.495694,https://hotels.ctrip.com/hotels/11537563.html | https://map.360.cn/?pid=92c75f8d61652e5e | https://map.360.cn/?pid=9d1a86e1369ed5f7,公开平台收录，当前营业状态未核实
九华山晨曦民宿(化城寺店),hotel,青阳九华镇化城路49号,117.7970352,30.4807538,converted_listing,ctrip、360,GCJ-02,117.802356,30.478256,https://hotels.ctrip.com/hotels/125968545.html | https://map.360.cn/?pid=cff28be44e2ece9a,公开平台收录，当前营业状态未核实
九华山景上民宿(肉身宝殿店),hotel,青阳九华山风景区凤形新村3号,117.7936501,30.4853562,converted_listing,ctrip,GCJ-02,117.798979,30.482865,https://hotels.ctrip.com/hotels/8870732.html,公开平台收录，当前营业状态未核实
九华山景区光运华庭民宿(肉身宝殿店),hotel,青阳九华镇白马新村13号,117.7946933,30.4813652,converted_listing,ctrip、360,GCJ-02,117.80002,30.478871,https://hotels.ctrip.com/hotels/128959017.html | https://map.360.cn/?pid=553a9f01d5261b10,公开平台收录，当前营业状态未核实
九华山景缘民宿(肉身宝殿店),hotel,青阳九华山风景区凤形新村31,117.7901107,30.4852137,converted_listing,ctrip、360,GCJ-02,117.795447,30.482728,https://hotels.ctrip.com/hotels/6833627.html | https://map.360.cn/?pid=b96b3236b571c638,公开平台收录，当前营业状态未核实
九华山曾广和山居民宿(九华山上店),hotel,青阳九华山风景区芙蓉路7号,117.7998742,30.482073,converted_listing,ctrip,GCJ-02,117.805189,30.479571,https://hotels.ctrip.com/hotels/24472069.html,公开平台收录，当前营业状态未核实
九华山有间客栈,hotel,池州市青阳县九华山风景区白马新村114号,117.7909779,30.4797394,unverified_listing,360,GCJ-02,117.796312,30.477251,https://map.360.cn/?pid=72dc667628ed197b,公开平台收录，当前营业状态未核实
九华山朋达长悦民宿(肉身宝殿店),hotel,青阳九华山白云新村10号,117.78629,30.4853381,converted_listing,ctrip,GCJ-02,117.791634,30.482858,https://hotels.ctrip.com/hotels/124305375.html,公开平台收录，当前营业状态未核实
九华山望白云居(肉身宝殿店),hotel,青阳九华山风景区九华镇凤形新村144号,117.7914208,30.4852236,converted_listing,ctrip,GCJ-02,117.796754,30.482736,https://hotels.ctrip.com/hotels/135947146.html,公开平台收录，当前营业状态未核实
九华山朝阳民宿(化城寺店),hotel,青阳九华山风景区化城路21号,117.7974656,30.4801326,converted_listing,ctrip、360,GCJ-02,117.802786,30.477634,https://hotels.ctrip.com/hotels/24459926.html | https://map.360.cn/?pid=9a77101ed9eeab53,公开平台收录，当前营业状态未核实
九华山未之白屿民宿(肉身宝殿店),hotel,青阳九华山风景区九华镇白马新村58号,117.7934906,30.4819675,converted_listing,ctrip、360,GCJ-02,117.79882,30.479476,https://hotels.ctrip.com/hotels/78221744.html | https://map.360.cn/?pid=a34e764bfda94943,公开平台收录，当前营业状态未核实
九华山本心叁舍民宿(华天禅寺店),hotel,池州市青阳县九华山风景区灯塔新村140号,117.7966746,30.4851307,unverified_listing,360,GCJ-02,117.801997,30.482635,https://map.360.cn/?pid=375de29acbde5a7b,公开平台收录，当前营业状态未核实
九华山朴院·私享阳台｜亲子漫途｜观山美宿(化城寺店),hotel,青阳九华街灯塔新村109号,117.7971279,30.484018,converted_listing,ctrip,GCJ-02,117.802449,30.481521,https://hotels.ctrip.com/hotels/480732.html,公开平台收录，当前营业状态未核实
九华山来筑·一山七舍民宿(月身宝殿店),hotel,青阳九华山风景区九华镇凤形新村182号,117.7901847,30.4834518,converted_listing,ctrip,GCJ-02,117.795521,30.480965,https://hotels.ctrip.com/hotels/106754024.html,公开平台收录，当前营业状态未核实
九华山来红酒店,hotel,池州市青阳县九华山风景区九华大道,117.8008695,30.4852083,unverified_listing,360,GCJ-02,117.806182,30.482705,https://map.360.cn/?pid=f616073c63b5a3ab,公开平台收录，当前营业状态未核实
九华山松园山庄,hotel,青阳灯塔新村122号,117.7977095,30.4846555,converted_listing,ctrip、360,GCJ-02,117.803029,30.482158,https://hotels.ctrip.com/hotels/2994168.html | https://map.360.cn/?pid=47128343e44c8c9b | https://map.360.cn/?pid=c2d0bbd28ddf3f21,公开平台收录，当前营业状态未核实
九华山松泉山庄,hotel,青阳九华山风景区九华镇中闵园47号,117.8020461,30.469624,converted_listing,ctrip、360,GCJ-02,117.807355,30.467115,https://hotels.ctrip.com/hotels/17361098.html | https://map.360.cn/?pid=7a0f22409772dd51,公开平台收录，当前营业状态未核实
九华山松苑山庄,hotel,池州市青阳县九华镇九华山风景区九华山九华街白马新村117号,117.7908872,30.4796826,unverified_listing,360,GCJ-02,117.796222,30.477194,https://map.360.cn/?pid=eb18a5aa5dcff906,公开平台收录，当前营业状态未核实
九华山松苑酒店,hotel,青阳河西路九华山风景区地藏禅寺东北100米,117.7954197,30.5055041,converted_listing,ctrip、360,GCJ-02,117.800747,30.503016,https://hotels.ctrip.com/hotels/131829652.html | https://map.360.cn/?pid=cbec2e8efb2d7865,公开平台收录，当前营业状态未核实
九华山柏玲民宿,hotel,池州市青阳县九华山风景区九华镇风形新村48号,117.7917949,30.4852615,unverified_listing,360,GCJ-02,117.797128,30.482773,https://map.360.cn/?pid=ef78afaf3efbfda1,公开平台收录，当前营业状态未核实
九华山栖然山居精品民宿(化城寺店),hotel,青阳九华山风景区九华镇灯塔新村72号,117.7964807,30.4836519,converted_listing,ctrip、360,GCJ-02,117.801803,30.481156,https://hotels.ctrip.com/hotels/78240669.html | https://map.360.cn/?pid=c007105f0bde594e,公开平台收录，当前营业状态未核实
九华山栖迟山居民宿,hotel,青阳九华山风景区九华乡桥庵村桥东组,117.7965078,30.5004085,converted_listing,ctrip、360,GCJ-02,117.801832,30.497917,https://hotels.ctrip.com/hotels/94189553.html | https://map.360.cn/?pid=fee5bb8e59cc8c14,公开平台收录，当前营业状态未核实
九华山桂苑茗阁民宿(九华山上店),hotel,青阳凤形新村17号,117.7933426,30.4852317,converted_listing,ctrip、360,GCJ-02,117.798672,30.482741,https://hotels.ctrip.com/hotels/2140078.html | https://map.360.cn/?pid=55dcc2be53e0477d,公开平台收录，当前营业状态未核实
九华山桃源花隐民宿(九华山上店),hotel,青阳九华山祗园社区白云新村3号,117.7864463,30.4854509,converted_listing,ctrip,GCJ-02,117.79179,30.48297,https://hotels.ctrip.com/hotels/125781435.html,公开平台收录，当前营业状态未核实
九华山桃红酒家住宿,hotel,青阳九华山风景区九华镇灯塔新村147号,117.7946902,30.4855627,converted_listing,ctrip、360,GCJ-02,117.800017,30.48307,https://hotels.ctrip.com/hotels/76187381.html | https://map.360.cn/?pid=730d96755fa0cfca,公开平台收录，当前营业状态未核实
九华山梵希·秘境民宿(肉身宝殿店),hotel,青阳九华镇灯塔新村龙池路天王殿南80米处,117.7965349,30.4848088,converted_listing,ctrip、360,GCJ-02,117.801858,30.482313,https://hotels.ctrip.com/hotels/128480127.html | https://map.360.cn/?pid=553a8f66399fe0e3,公开平台收录，当前营业状态未核实
九华山梵景澜境民宿(九华山上店),hotel,青阳九华山风景区九华镇灯塔新村176号,117.794933,30.4857484,converted_listing,ctrip,GCJ-02,117.800259,30.483255,https://hotels.ctrip.com/hotels/134033460.html,公开平台收录，当前营业状态未核实
九华山梵涧小筑民宿(九华山上店),hotel,安徽青阳九华山风景区凤形新村45号,117.79149806,30.48512622,converted_listing,ctrip、360,BD-09,117.803392,30.488415,https://hotels.ctrip.com/hotels/917368.html | https://map.360.cn/?pid=de49dd72127920d6,公开资料收录，当前营业状态未核实
九华山梵璞山居民宿(甘露寺店),hotel,青阳九华山风景区九华乡桥庵村桥西组33号,117.7937793,30.5000649,converted_listing,ctrip、360,GCJ-02,117.799109,30.497578,https://hotels.ctrip.com/hotels/133534507.html | https://map.360.cn/?pid=e9c351e8029dbcba,公开平台收录，当前营业状态未核实
九华山森屿民宿(百岁宫店),hotel,青阳九华山风景区龙池路灯塔新村38号,117.7957876,30.482817,converted_listing,ctrip、360,GCJ-02,117.801112,30.480322,https://hotels.ctrip.com/hotels/133531809.html | https://map.360.cn/?pid=117dde95543ad045,公开平台收录，当前营业状态未核实
九华山檀香居民宿(肉身宝殿店),hotel,青阳九华山凤形村16号,117.7924891,30.4857412,converted_listing,ctrip、360,GCJ-02,117.797821,30.483252,https://hotels.ctrip.com/hotels/840259.html | https://map.360.cn/?pid=85ac8519359f4c0a,公开平台收录，当前营业状态未核实
九华山檀香缘民宿(肉身宝殿店),hotel,青阳九华镇凤形新村22号,117.791228,30.4857854,converted_listing,ctrip,GCJ-02,117.796562,30.483298,https://hotels.ctrip.com/hotels/131644257.html,公开平台收录，当前营业状态未核实
九华山檀香阁民宿(肉身宝殿店),hotel,青阳九华山风景区九华镇凤形新村23号,117.7910737,30.4859026,converted_listing,ctrip、360,GCJ-02,117.796408,30.483416,https://hotels.ctrip.com/hotels/9557930.html | https://map.360.cn/?pid=7cb9ad066c7e4365,公开平台收录，当前营业状态未核实
九华山池州九华山百岁宫下院宾馆,hotel,池州市青阳县九华山山上检票口50米右转(聚龙隔壁),117.7986569,30.4834977,unverified_listing,360,GCJ-02,117.803975,30.480998,https://map.360.cn/?pid=ac21185756324552,公开平台收录，当前营业状态未核实
九华山洁意山庄(旃檀林殿店),hotel,青阳九华山风景区,117.7979231,30.4793977,converted_listing,ctrip、360,GCJ-02,117.803242,30.476898,https://hotels.ctrip.com/hotels/2644234.html | https://map.360.cn/?pid=4b53802b9251e26a | https://map.360.cn/?pid=9333130b8ecef727,公开平台收录，当前营业状态未核实
九华山润泽民宿(肉身宝殿店),hotel,青阳九华镇灯塔新村184号,117.7939106,30.4854094,converted_listing,ctrip、360,GCJ-02,117.799239,30.482918,https://hotels.ctrip.com/hotels/19453734.html | https://map.360.cn/?pid=8667d9eb7da04724 | https://map.360.cn/?pid=bf2f070cdc90eb56,公开平台收录，当前营业状态未核实
九华山清安居民宿,hotel,池州市青阳县九华镇灯塔新村122号,117.7970466,30.4850424,unverified_listing,360,GCJ-02,117.802368,30.482546,https://map.360.cn/?pid=086356e2ae2841d1,公开平台收录，当前营业状态未核实
九华山清心民宿(九华山上店),hotel,青阳九华山风景区九华镇灯塔新村183号,117.7941868,30.4859062,converted_listing,ctrip,GCJ-02,117.799515,30.483414,https://hotels.ctrip.com/hotels/127982645.html,公开平台收录，当前营业状态未核实
九华山清泉大酒店,hotel,青阳九华山中闵园7号,117.8019461,30.4697989,converted_listing,ctrip、360,GCJ-02,117.807255,30.46729,https://hotels.ctrip.com/hotels/844172.html | https://map.360.cn/?pid=0b368cef84d1fb2d,公开平台收录，当前营业状态未核实
九华山清竹里酒店,hotel,池州市青阳县九华山风景区九华镇凤形新村59号,117.7871853,30.4845825,unverified_listing,360,GCJ-02,117.792528,30.482101,https://map.360.cn/?pid=613854d4552b0ef1,公开平台收录，当前营业状态未核实
九华山清隐·简一民宿(肉身宝殿店),hotel,青阳九华山风景区九华镇白马新村178号,117.7917512,30.480661,converted_listing,ctrip、360,GCJ-02,117.797084,30.478171,https://hotels.ctrip.com/hotels/67727880.html | https://map.360.cn/?pid=d91583d4e046e9ee,公开平台收录，当前营业状态未核实
九华山清隐素宿民宿,hotel,池州市青阳县九华山风景区化城路77号,117.7969289,30.4806023,unverified_listing,360,GCJ-02,117.80225,30.478105,https://map.360.cn/?pid=9daf9b37b7572a59,公开平台收录，当前营业状态未核实
九华山清雅山庄,hotel,池州市青阳县九华镇灯塔新村155号,117.7955386,30.4859234,unverified_listing,360,GCJ-02,117.800863,30.483429,https://map.360.cn/?pid=93de8d4f3f08cd38,公开平台收录，当前营业状态未核实
九华山游华馆山庄,hotel,池州市青阳县九华镇九华山金凤凰宾馆附近,117.7948841,30.4809216,unverified_listing,360,GCJ-02,117.80021,30.478427,https://map.360.cn/?pid=b2339aaf6a5ce77b | https://map.360.cn/?pid=ee4933e5f27c777c,公开平台收录，当前营业状态未核实
九华山湉溪别院民宿(九华山风景区店),hotel,青阳九华乡桥庵村河西村民组,117.7927006,30.5065546,converted_listing,ctrip、360,GCJ-02,117.798034,30.504071,https://hotels.ctrip.com/hotels/29786202.html | https://map.360.cn/?pid=9fe8718fd669a8e0,公开平台收录，当前营业状态未核实
九华山溪水涧民宿,hotel,池州市青阳县九华乡乔安村桥西组37号,117.7934468,30.5004554,unverified_listing,360,GCJ-02,117.798778,30.497969,https://map.360.cn/?pid=9886c7fac37e4433,公开平台收录，当前营业状态未核实
九华山满红农家乐,hotel,青阳九华山风景区中闵园57号,117.803178,30.4687656,converted_listing,ctrip,GCJ-02,117.808484,30.466254,https://hotels.ctrip.com/hotels/14481339.html,公开平台收录，当前营业状态未核实
九华山满红民宿,hotel,池州市青阳县满红农家乐,117.8074781,30.4708927,unverified_listing,360,GCJ-02,117.812774,30.468374,https://map.360.cn/?pid=55cf5012f20f8d00 | https://map.360.cn/?pid=e6dca43d6be80081,公开平台收录，当前营业状态未核实
九华山漫月心居民宿,hotel,池州市青阳县九华山风景区白马新村117号,117.7917991,30.4801876,unverified_listing,360,GCJ-02,117.797132,30.477698,https://map.360.cn/?pid=92bf969e1a8e0a79,公开平台收录，当前营业状态未核实
九华山灯塔山庄,hotel,青阳灯塔新村163号,117.7955761,30.4845446,converted_listing,ctrip、360,GCJ-02,117.800901,30.48205,https://hotels.ctrip.com/hotels/88622416.html | https://map.360.cn/?pid=7031a13207400684,公开平台收录，当前营业状态未核实
九华山烽华山庄,hotel,池州市青阳县九华镇白马新村115号,117.7908715,30.4837773,unverified_listing,360,GCJ-02,117.796206,30.48129,https://map.360.cn/?pid=40417a93ce99b13f,公开平台收录，当前营业状态未核实
九华山無住唐居民宿(九华山上),hotel,青阳九华山风景区九华镇白云新村14号,117.7844119,30.48433,converted_listing,ctrip、360,GCJ-02,117.78976,30.481852,https://hotels.ctrip.com/hotels/68225929.html | https://map.360.cn/?pid=62fdf8d73390e007,公开平台收录，当前营业状态未核实
九华山玖山民宿(肉身宝殿店),hotel,青阳九华山风景区芙蓉路白马新村57号,117.7935948,30.4819333,converted_listing,ctrip、360,GCJ-02,117.798924,30.479441,https://hotels.ctrip.com/hotels/103955690.html | https://map.360.cn/?pid=8ecd4371541c75d5,公开平台收录，当前营业状态未核实
九华山玖毅民宿(肉身宝殿店),hotel,青阳九华山风景区白马新村72号,117.7922983,30.4857989,converted_listing,ctrip、360,GCJ-02,117.79763,30.48331,https://hotels.ctrip.com/hotels/58194832.html | https://map.360.cn/?pid=a6a7909a28bd3c71,公开平台收录，当前营业状态未核实
九华山珺华民宿(肉身宝殿店),hotel,青阳九华山风景区九华镇白马新村191号,117.7937626,30.4810325,converted_listing,ctrip、360,GCJ-02,117.799091,30.47854,https://hotels.ctrip.com/hotels/125772707.html | https://map.360.cn/?pid=7dd98051a09355dc,公开平台收录，当前营业状态未核实
九华山琴宇宾馆,hotel,池州市青阳县九华山聚龙大酒店旁,117.798413,30.4830821,unverified_listing,360,GCJ-02,117.803731,30.480583,https://map.360.cn/?pid=a47188afe9bbede6,公开平台收录，当前营业状态未核实
九华山瑾欣美宿(九华山上店),hotel,青阳九华镇芙蓉路8号,117.7999825,30.4821136,converted_listing,ctrip、360,GCJ-02,117.805297,30.479611,https://hotels.ctrip.com/hotels/48570744.html | https://map.360.cn/?pid=cd81a286ea3e215a,公开平台收录，当前营业状态未核实
九华山璞悦山居民宿,hotel,池州市青阳县芙蓉路龙庵东北侧约60米,117.7966923,30.4806078,unverified_listing,360,GCJ-02,117.802014,30.47811,https://map.360.cn/?pid=4e5aab2114de8d81,公开平台收录，当前营业状态未核实
九华山白云农家乐饭店,hotel,池州市青阳县九华山风景区(山上),117.7911863,30.4790784,unverified_listing,360,GCJ-02,117.79652,30.476589,https://map.360.cn/?pid=a502fe8af9475f1a,公开平台收录，当前营业状态未核实
九华山白月元民宿(百岁宫缆车店),hotel,青阳九华山风景区芙蓉路11号,117.800092,30.4817674,converted_listing,ctrip,GCJ-02,117.805406,30.479265,https://hotels.ctrip.com/hotels/2640967.html,公开平台收录，当前营业状态未核实
九华山白马大酒店,hotel,池州市青阳县九华镇山白马新村189号,117.7946735,30.4800784,unverified_listing,360,GCJ-02,117.8,30.477584,https://map.360.cn/?pid=f530f5a32ea224a7,公开平台收录，当前营业状态未核实
九华山白鹿寻音民宿(肉身宝殿店),hotel,池州市青阳县九华山风景区九华镇白马新村88号,117.7927715,30.4821803,unverified_listing,360,GCJ-02,117.798102,30.47969,https://map.360.cn/?pid=2e52da357850deb6,公开平台收录，当前营业状态未核实
九华山百岁山庄酒店,hotel,池州市青阳县九华镇凤形新村167号,117.7904984,30.4837484,unverified_listing,360,GCJ-02,117.795834,30.481262,https://map.360.cn/?pid=adee5e9ffe50b03b,公开平台收录，当前营业状态未核实
九华山百马亭客栈,hotel,青阳九华山山上九华街老街化城路96号,117.7955688,30.4803408,converted_listing,ctrip、360,GCJ-02,117.800893,30.477845,https://hotels.ctrip.com/hotels/1247037.html | https://map.360.cn/?pid=b052104bb22ee7fe,公开平台收录，当前营业状态未核实
九华山盛华山庄(肉身宝殿店),hotel,青阳九华山凤形新村60号,117.7920836,30.4841289,converted_listing,ctrip、360,GCJ-02,117.797416,30.48164,https://hotels.ctrip.com/hotels/916429.html | https://map.360.cn/?pid=87143f3d9a92f755,公开平台收录，当前营业状态未核实
九华山祥瑞山庄,hotel,九华山风景区化城路83号,117.7964203,30.4810505,converted_listing,ctrip、360,GCJ-02,117.801743,30.478554,https://hotels.ctrip.com/hotels/1873950.html | https://hotels.ctrip.com/hotels/list?countryId=1&city=20932&optionId=12650&optionType=Zone&optionName=%E4%B9%9D%E5%8D%8E%E5%B1%B1%E4%B8%8A&lowPrice=187&highPrice=194 | https://map.360.cn/?pid=b7eac8d05fa1e098,公开平台收录，当前营业状态未核实
九华山禅居民宿(肉身宝殿店),hotel,青阳九华山风景区九华镇白马新村163号,117.7923338,30.4810956,converted_listing,ctrip、360,GCJ-02,117.797665,30.478605,https://hotels.ctrip.com/hotels/66686926.html | https://map.360.cn/?pid=68c9e6910ed9a189,公开平台收录，当前营业状态未核实
九华山禅舍(化城寺店),hotel,青阳九华山风景区九华镇芙蓉路18号,117.7995063,30.4806943,converted_listing,ctrip、360,GCJ-02,117.804822,30.478192,https://hotels.ctrip.com/hotels/8651272.html | https://map.360.cn/?pid=15b17b7dbbb61240,公开平台收录，当前营业状态未核实
九华山福居园民宿,hotel,池州市青阳县灯塔新村80号,117.7964734,30.4838783,unverified_listing,360,GCJ-02,117.801796,30.481382,https://map.360.cn/?pid=517bd02ed601eac6,公开平台收录，当前营业状态未核实
九华山福施缘民宿,hotel,青阳九华山风景区大门消防大队向东50米,117.7922452,30.484661,converted_listing,ctrip、360,GCJ-02,117.797577,30.482172,https://hotels.ctrip.com/hotels/1772112.html | https://map.360.cn/?pid=fc2cfee665cd031d,公开平台收录，当前营业状态未核实
九华山福灵阁山庄,hotel,青阳九华山风景区九华镇芙蓉路62号,117.7953322,30.4794373,converted_listing,ctrip、360、fliggy,GCJ-02,117.800657,30.476942,https://hotels.ctrip.com/hotels/29925098.html | https://map.360.cn/?pid=bb7029a5c04c31f0 | https://hotel.fliggy.com/hotel_list3.htm?city=341700 | https://hotel.fliggy.com/hotel_detail2.htm?shid=54409017,公开平台收录，当前营业状态未核实
九华山福轩山庄,hotel,池州市青阳县九华镇白云新村02号,117.7873114,30.4848602,unverified_listing,360,GCJ-02,117.792653,30.482378,https://map.360.cn/?pid=47f385049df97110,公开平台收录，当前营业状态未核实
九华山禧润宾馆,hotel,青阳九华山风景区风行新村68号,117.7925995,30.4843706,converted_listing,ctrip、360,GCJ-02,117.797931,30.481881,https://hotels.ctrip.com/hotels/1643631.html | https://map.360.cn/?pid=83b6812255c9bcab,公开平台收录，当前营业状态未核实
九华山禾木二号院(化城寺店),hotel,青阳灯塔新村119号,117.7970404,30.4848224,converted_listing,ctrip,GCJ-02,117.802362,30.482326,https://hotels.ctrip.com/hotels/125786363.html,公开平台收录，当前营业状态未核实
九华山禾木民宿(化城寺店),hotel,青阳九华山风景区灯塔新村127号,117.7970383,30.4848179,converted_listing,ctrip、360,GCJ-02,117.80236,30.482321,https://hotels.ctrip.com/hotels/123267707.html | https://map.360.cn/?pid=b0e2372cb52fa362,公开平台收录，当前营业状态未核实
九华山禾溪民宿(肉身宝殿店),hotel,青阳凤形新村58号,117.7921337,30.484156,converted_listing,ctrip、360,GCJ-02,117.797466,30.481667,https://hotels.ctrip.com/hotels/114772673.html | https://map.360.cn/?pid=a6f799528c77f1e6,公开平台收录，当前营业状态未核实
九华山禾雨民宿,hotel,青阳灯塔新村173号,117.7949059,30.4855663,converted_listing,ctrip、360,GCJ-02,117.800232,30.483073,https://hotels.ctrip.com/hotels/132018581.html | https://map.360.cn/?pid=6d577bbf9ce43ce3,公开平台收录，当前营业状态未核实
九华山程意朋缘农庄,hotel,池州市青阳县九华乡桥庵村河西村民组,117.8062587,30.5037142,unverified_listing,360,GCJ-02,117.81156,30.501207,https://map.360.cn/?pid=ae6bdfdabe4d2e2b,公开平台收录，当前营业状态未核实
九华山空空之外·山野民宿(九华山上店),hotel,安徽青阳九华山风景区九华镇灯塔新村154号,117.79597725,30.48635532,converted_listing,ctrip,BD-09,117.807845,30.489707,https://hotels.ctrip.com/hotels/116908487.html,公开资料收录，当前营业状态未核实
九华山竹林人家民宿,hotel,青阳九华山风景区上闵园27号,117.797748,30.4653156,converted_listing,ctrip、360,GCJ-02,117.803066,30.462812,https://hotels.ctrip.com/hotels/4690104.html | https://map.360.cn/?pid=5f6282953ac2c674 | https://map.360.cn/?pid=b176425db1283d84,公开平台收录，当前营业状态未核实
九华山竹田人家,hotel,青阳九华镇灯塔新村170号,117.7945026,30.4856168,converted_listing,ctrip、360、fliggy,GCJ-02,117.79983,30.483124,https://hotels.ctrip.com/hotels/1637584.html | https://map.360.cn/?pid=7e69a85a2eac0635 | https://hotel.fliggy.com/hotel_list3.htm?city=341700 | https://hotel.fliggy.com/hotel_detail2.htm?shid=51317961,公开平台收录，当前营业状态未核实
九华山竹逸轩饭店,hotel,池州市青阳县九华山风景区索道生活小区旁,117.7890466,30.481725,unverified_listing,360,GCJ-02,117.794385,30.47924,https://map.360.cn/?pid=f20c56ecdbfc2e9b,公开平台收录，当前营业状态未核实
九华山笑妍民宿,hotel,青阳九华山风景区灯塔新村101号,117.7977116,30.4845618,converted_listing,ctrip、360,GCJ-02,117.803031,30.482064,https://hotels.ctrip.com/hotels/5646584.html | https://map.360.cn/?pid=a8cee3a658d0e18a,公开平台收录，当前营业状态未核实
九华山等风来民宿(化城寺店),hotel,青阳九华山风景区九华镇龙池路与佛光大道交叉口西240米,117.7967361,30.4822173,converted_listing,ctrip、360,GCJ-02,117.802058,30.47972,https://hotels.ctrip.com/hotels/99887123.html | https://map.360.cn/?pid=474fd1f1cc9188b3,公开平台收录，当前营业状态未核实
九华山简禾祇苑(肉身宝殿店),hotel,安徽青阳九华镇凤形新村42号,117.79132678,30.48539524,converted_listing,ctrip、360,BD-09,117.803222,30.488682,https://hotels.ctrip.com/hotels/108713573.html | https://map.360.cn/?pid=b2d51bb9bd444a4e,公开资料收录，当前营业状态未核实
九华山紫栖民宿(凤凰松店),hotel,青阳九华镇中闵园26号,117.8047381,30.4713138,converted_listing,ctrip,GCJ-02,117.810041,30.4688,https://hotels.ctrip.com/hotels/133232603.html,公开平台收录，当前营业状态未核实
九华山绿芸宾馆,hotel,池州市青阳县九华镇九华山九华街灯塔新村,117.7982368,30.4845825,unverified_listing,360,GCJ-02,117.803556,30.482084,https://map.360.cn/?pid=9373dbe72c6687d7,公开平台收录，当前营业状态未核实
九华山缘上圆民宿(肉身宝殿店),hotel,青阳凤形新村66号,117.791993,30.4838693,converted_listing,ctrip、360,GCJ-02,117.797325,30.48138,https://hotels.ctrip.com/hotels/125171728.html | https://map.360.cn/?pid=76d2c6fb3c771a4d,公开平台收录，当前营业状态未核实
九华山缘客临山庄(肉身宝殿店),hotel,安徽青阳九华山风景区九华镇凤形新村15号,117.79276399,30.4856024,converted_listing,ctrip、360,BD-09,117.804651,30.488908,https://hotels.ctrip.com/hotels/33594046.html | https://map.360.cn/?pid=44729ed949a32ebd,公开资料收录，当前营业状态未核实
九华山缘聚民宿(化城寺店),hotel,青阳九华山风景区灯塔新村126号,117.7967882,30.4846925,converted_listing,ctrip,GCJ-02,117.80211,30.482196,https://hotels.ctrip.com/hotels/840273.html,公开平台收录，当前营业状态未核实
九华山美华山庄,hotel,池州市青阳县九华山风景区灯塔新村152号,117.7956501,30.4859053,unverified_listing,360,GCJ-02,117.800975,30.483411,https://map.360.cn/?pid=c934058203b2822d,公开平台收录，当前营业状态未核实
九华山翰香居民宿(九华街店),hotel,青阳九华镇灯塔新村134号,117.796487,30.4848882,converted_listing,ctrip、360,GCJ-02,117.80181,30.482392,https://hotels.ctrip.com/hotels/76192091.html | https://map.360.cn/?pid=2608dafefe14de5c,公开平台收录，当前营业状态未核实
九华山聚仙楼,hotel,"池州市青阳县九华山风景区九华街灯塔新村73号,靠近九华山庄",117.7966006,30.4842723,unverified_listing,360,GCJ-02,117.801923,30.481776,https://map.360.cn/?pid=b0c31b6d0924da4c,公开平台收录，当前营业状态未核实
九华山聚祥楼民宿(肉身宝殿化成寺店),hotel,青阳九华山风景区九华镇芙蓉路54号,117.7955938,30.47889,converted_listing,ctrip、360,GCJ-02,117.800918,30.476394,https://hotels.ctrip.com/hotels/88626916.html | https://map.360.cn/?pid=3c5594bf74288241,公开平台收录，当前营业状态未核实
九华山聚福山庄,hotel,池州市青阳县九华山风景区九华镇白云新村,117.7862566,30.485257,unverified_listing,360,GCJ-02,117.791601,30.482777,https://map.360.cn/?pid=c979e56372d85834,公开平台收录，当前营业状态未核实
九华山聚福来客栈,hotel,池州市青阳县九华山风景区九华镇凤形新村25号,117.7885724,30.4862146,unverified_listing,360,GCJ-02,117.793912,30.483731,https://map.360.cn/?pid=1bef316a74dcad04,公开平台收录，当前营业状态未核实
九华山聚豐缘居民宿(九华山上祗园寺店),hotel,青阳九华山风景区灯塔新村53号,117.7975709,30.4831957,converted_listing,ctrip,GCJ-02,117.802891,30.480698,https://hotels.ctrip.com/hotels/4817080.html,公开平台收录，当前营业状态未核实
九华山聚龙大酒店,hotel,安徽青阳九华山风景区,117.79860842,30.48296172,converted_listing,ctrip、osm、360、fliggy、overture,BD-09,117.810455,30.486352,https://hotels.ctrip.com/hotels/437569.html | https://www.openstreetmap.org/node/5777196028 | https://docs.overturemaps.org/guides/places/ | https://map.360.cn/?pid=d4fce452fd59dc51 | https://hotel.fliggy.com/hotel_list3.htm?city=341700 | https://hotel.fliggy.com/hotel_detail2.htm?shid=10093432,公开资料收录，当前营业状态未核实
九华山肆简寒舍民宿(百岁宫店),hotel,安徽青阳灯塔新村38号3楼,117.79588555,30.48279768,converted_listing,ctrip、360,BD-09,117.80775,30.486146,https://hotels.ctrip.com/hotels/133287834.html | https://map.360.cn/?pid=cb6b9f406e38174b,公开资料收录，当前营业状态未核实
九华山肉身宝殿·云上民宿,hotel,青阳白马新村206号,117.7903713,30.4817259,converted_listing,ctrip、360,GCJ-02,117.795707,30.479239,https://hotels.ctrip.com/hotels/18042452.html | https://map.360.cn/?pid=7146a767c080c594,公开平台收录，当前营业状态未核实
九华山自渡山房民宿(肉身宝殿店),hotel,青阳芙蓉路白马新村12号,117.7945756,30.4814689,converted_listing,ctrip、360,GCJ-02,117.799902,30.478975,https://hotels.ctrip.com/hotels/127253818.html | https://map.360.cn/?pid=921c1616f2b44657,公开平台收录，当前营业状态未核实
九华山舒云山庄,hotel,池州市青阳县九华山风景区风俗村饭店北100米,117.7891102,30.4855924,unverified_listing,360,GCJ-02,117.794449,30.483108,https://map.360.cn/?pid=07d37a2f9e881289,公开平台收录，当前营业状态未核实
九华山舒心缘客栈,hotel,池州市青阳县池州九华山风景区九华镇上闵园34号,117.7961576,30.4626159,unverified_listing,360,GCJ-02,117.801479,30.460115,https://map.360.cn/?pid=a0b75a9419fca9da,公开平台收录，当前营业状态未核实
九华山舒磊山庄(化城寺店),hotel,青阳化城路34号,117.7971217,30.4807818,converted_listing,ctrip、360,GCJ-02,117.802443,30.478284,https://hotels.ctrip.com/hotels/1632115.html | https://map.360.cn/?pid=de6b1b42af575d8f,公开平台收录，当前营业状态未核实
九华山芙蓉阁山庄,hotel,池州市青阳县九华山风景区白云居民区内,117.7893322,30.4852299,unverified_listing,360,GCJ-02,117.79467,30.482745,https://map.360.cn/?pid=2d3817045999556e,公开平台收录，当前营业状态未核实
九华山花台云宿民宿(九华山风景区店),hotel,青阳九华山风景区九华乡桥庵村河东村民组29号,117.7961691,30.5038395,converted_listing,ctrip、360,GCJ-02,117.801494,30.50135,https://hotels.ctrip.com/hotels/78194677.html | https://map.360.cn/?pid=43f112f187444827,公开平台收录，当前营业状态未核实
九华山花台农家乐,hotel,青阳九华山风景区九华乡乔安村,117.7981305,30.5066537,converted_listing,ctrip,GCJ-02,117.803451,30.504162,https://hotels.ctrip.com/hotels/1999201.html,公开平台收录，当前营业状态未核实
九华山花木深旅舍,hotel,池州市青阳县九华镇白马新村110号,117.791252,30.4822931,unverified_listing,360,GCJ-02,117.796586,30.479805,https://map.360.cn/?pid=ff26e449c6008e4a,公开平台收录，当前营业状态未核实
九华山花雨地民宿(化城寺店),hotel,青阳九华山风景区灯塔新村91号,117.7968955,30.4837854,converted_listing,ctrip、360,GCJ-02,117.802217,30.481289,https://hotels.ctrip.com/hotels/111550651.html | https://map.360.cn/?pid=7edca3514b0a0cf5,公开平台收录，当前营业状态未核实
九华山花非花山居,hotel,池州市青阳县九华山风景区九华镇白马新村127号,117.7919638,30.4808774,unverified_listing,360,GCJ-02,117.797296,30.478388,https://map.360.cn/?pid=82d319fac37e267b,公开平台收录，当前营业状态未核实
九华山茂居酒店(肉身宝殿店),hotel,安徽青阳九华山风景区九华镇凤形新村59号,117.79308637,30.48429277,converted_listing,ctrip、360,BD-09,117.80497,30.487602,https://hotels.ctrip.com/hotels/44331537.html | https://map.360.cn/?pid=4b331135de6492a9,公开资料收录，当前营业状态未核实
九华山茶语听涛民宿,hotel,池州市青阳县九华山风景区凤形新村,117.7900451,30.4850613,unverified_listing,360,GCJ-02,117.795382,30.482576,https://map.360.cn/?pid=870a89144cfcfab7,公开平台收录，当前营业状态未核实
九华山荣昌山庄,hotel,池州市青阳县九华镇山风景区凤形新村58号,117.798265,30.4836664,unverified_listing,360,GCJ-02,117.803584,30.481167,https://map.360.cn/?pid=43468b33b173a422,公开平台收录，当前营业状态未核实
九华山荣莲小居,hotel,池州市青阳县九华山风景区九华镇白马新村70号,117.7933239,30.4824914,unverified_listing,360,GCJ-02,117.798653,30.48,https://map.360.cn/?pid=9f85ba82f641ec69,公开平台收录，当前营业状态未核实
九华山荣记客栈,hotel,池州市青阳县九华镇凤形新村205号,117.7874687,30.4849369,unverified_listing,360,GCJ-02,117.792811,30.482455,https://map.360.cn/?pid=d8b9cd0aa92b3a2c,公开平台收录，当前营业状态未核实
九华山蓝天山庄,hotel,池州市青阳县九华山灯塔新村154号,117.7960263,30.4863895,unverified_listing,360,GCJ-02,117.80135,30.483895,https://map.360.cn/?pid=23ae12150d569402,公开平台收录，当前营业状态未核实
九华山虎形山民宿(化城寺店),hotel,青阳九华山风景区九华镇灯塔新村5号,117.7973968,30.4824617,converted_listing,ctrip、360,GCJ-02,117.802717,30.479964,https://hotels.ctrip.com/hotels/117041440.html | https://map.360.cn/?pid=6428c19aa8ad428a,公开平台收录，当前营业状态未核实
九华山虫二民宿(月身宝殿店),hotel,青阳九华山风景区凤形新村183号,117.789252,30.4832128,converted_listing,ctrip、360,GCJ-02,117.79459,30.480728,https://hotels.ctrip.com/hotels/6772798.html | https://map.360.cn/?pid=b0188b5e98184480,公开平台收录，当前营业状态未核实
九华山西亚农家乐,hotel,池州市青阳县九华山风景区凤形新村63号,117.7919554,30.4838377,unverified_listing,360,GCJ-02,117.797288,30.481349,https://map.360.cn/?pid=3b8ce31959b0cd90 | https://map.360.cn/?pid=41ab8493852c1a82 | https://map.360.cn/?pid=b4e1a47ef77e075b,公开平台收录，当前营业状态未核实
九华山西坡山乡民宿,hotel,青阳九华山风景区九华乡乔安村河西组19号,117.7925005,30.5046682,converted_listing,ctrip、360,GCJ-02,117.797834,30.502184,https://hotels.ctrip.com/hotels/53024264.html | https://map.360.cn/?pid=00073ac3178bef27,公开平台收录，当前营业状态未核实
九华山西苑山庄,hotel,池州市青阳县九华镇山风景区,117.8027465,30.480174,unverified_listing,360,GCJ-02,117.808054,30.477666,https://map.360.cn/?pid=07c8038afb9ccbd7,公开平台收录，当前营业状态未核实
九华山西苑山庄(化城寺店),hotel,青阳九华山风景区化城路44号,117.7982504,30.4807096,converted_listing,ctrip、360,GCJ-02,117.803569,30.47821,https://hotels.ctrip.com/hotels/1643958.html | https://map.360.cn/?pid=be9ef159cd9570f0 | https://map.360.cn/?pid=e343ae48af3b7f10,公开平台收录，当前营业状态未核实
九华山见山一宿民宿,hotel,池州市青阳县灯塔新村94号,117.7972228,30.4839333,unverified_listing,360,GCJ-02,117.802544,30.481436,https://map.360.cn/?pid=bc3114f1f7b3b514,公开平台收录，当前营业状态未核实
九华山观山云居民宿(九华山上店),hotel,安徽青阳九华山风景区九华镇芙蓉路9号,117.79966519,30.48154966,converted_listing,ctrip、360,BD-09,117.811503,30.484956,https://hotels.ctrip.com/hotels/107206791.html | https://map.360.cn/?pid=e279afc4e21fe021,公开资料收录，当前营业状态未核实
九华山观山景民宿(化城寺店),hotel,青阳九华山风景区灯塔新村9号,117.7963911,30.4820514,converted_listing,ctrip、360,GCJ-02,117.801714,30.479555,https://hotels.ctrip.com/hotels/133687020.html | https://map.360.cn/?pid=2181e13e72d7526b,公开平台收录，当前营业状态未核实
九华山览山民宿(天台索道店),hotel,青阳九华山风景区九华镇中闵园51号,117.8069007,30.4708891,converted_listing,ctrip,GCJ-02,117.812198,30.468372,https://hotels.ctrip.com/hotels/132671287.html,公开平台收录，当前营业状态未核实
九华山谷舍小居(肉身宝殿店),hotel,青阳九华山风景区凤形新村129号,117.791501,30.4850316,converted_listing,ctrip,GCJ-02,117.796835,30.482544,https://hotels.ctrip.com/hotels/135542078.html,公开平台收录，当前营业状态未核实
九华山路口饭店,hotel,青阳九华山风景区九华镇闵园村61号,117.8050529,30.4708269,converted_listing,ctrip、360,GCJ-02,117.810354,30.468313,https://hotels.ctrip.com/hotels/33544378.html | https://map.360.cn/?pid=4a72d901812b8c15,公开平台收录，当前营业状态未核实
九华山路边客栈,hotel,池州市青阳县九华山风景区内,117.7961566,30.4840983,unverified_listing,360,GCJ-02,117.80148,30.481603,https://map.360.cn/?pid=a1c8a9376e4aad18,公开平台收录，当前营业状态未核实
九华山轩辕大酒店(百岁宫化城寺店),hotel,青阳九华山核心景区内九华街灯塔新村80号,117.7958231,30.4844482,converted_listing,ctrip、360,GCJ-02,117.801147,30.481953,https://hotels.ctrip.com/hotels/1210130.html | https://map.360.cn/?pid=a83eec57ce7c2beb,公开平台收录，当前营业状态未核实
九华山迎春民宿,hotel,青阳神光岭路4号,117.794513,30.4800604,converted_listing,ctrip、360,GCJ-02,117.79984,30.477566,https://hotels.ctrip.com/hotels/104594955.html | https://map.360.cn/?pid=01ac1363a48077d1 | https://map.360.cn/?pid=4c67b36a073be333,公开平台收录，当前营业状态未核实
九华山还可以民宿(化城寺店),hotel,青阳九华镇灯塔新村19号,117.7964526,30.4823291,converted_listing,ctrip,GCJ-02,117.801775,30.479833,https://hotels.ctrip.com/hotels/123456689.html,公开平台收录，当前营业状态未核实
九华山远山人间民宿,hotel,池州市青阳县九华山风景区灯塔新村90号,117.7970696,30.4837917,unverified_listing,360,GCJ-02,117.802391,30.481295,https://map.360.cn/?pid=e68c31bdbadf0ad1,公开平台收录，当前营业状态未核实
九华山远山简舍民宿,hotel,青阳九华山风景区白马新村128号,117.7923129,30.4813913,converted_listing,ctrip、360,GCJ-02,117.797644,30.478901,https://hotels.ctrip.com/hotels/799774.html | https://map.360.cn/?pid=19f20a0d8bb04594,公开平台收录，当前营业状态未核实
九华山述里民宿(肉身宝殿店),hotel,青阳九华山风景区白马新村114号,117.7908788,30.481321,converted_listing,ctrip、360,GCJ-02,117.796213,30.478833,https://hotels.ctrip.com/hotels/117030928.html | https://map.360.cn/?pid=519842818af2bdff,公开平台收录，当前营业状态未核实
九华山逍遥居山庄,hotel,池州市青阳县九华山风景区白马新村61号,117.7933301,30.4822615,unverified_listing,360,GCJ-02,117.79866,30.47977,https://map.360.cn/?pid=fdd812f27993d9cc,公开平台收录，当前营业状态未核实
九华山邦程观然居民宿,hotel,池州市青阳县九华山风景区核心景区灯塔新村50号,117.797499,30.4829179,unverified_listing,360,GCJ-02,117.802819,30.48042,https://map.360.cn/?pid=a7b9a458f978958b,公开平台收录，当前营业状态未核实
九华山郝姐土菜馆旅店,hotel,池州市青阳县九华山白马新村57号(近九华山肉身宝殿北大门正对面),117.791278,30.4795149,unverified_listing,360,GCJ-02,117.796612,30.477026,https://map.360.cn/?pid=fba5cc310a3ff0ff,公开平台收录，当前营业状态未核实
九华山醉云间民宿(九华山上店),hotel,青阳九华镇凤行新村24号附1号,117.7904036,30.4858801,converted_listing,ctrip,GCJ-02,117.795739,30.483394,https://hotels.ctrip.com/hotels/124380348.html,公开平台收录，当前营业状态未核实
九华山金兰酒店,hotel,池州市青阳县九华山灯塔新村,117.7946318,30.485936,unverified_listing,360,GCJ-02,117.799959,30.483443,https://map.360.cn/?pid=d20db5199264a680,公开平台收录，当前营业状态未核实
九华山金凤凰宾馆,hotel,池州市青阳县九华镇白马新村15号,117.7946037,30.481183,unverified_listing,360,GCJ-02,117.79993,30.478689,https://map.360.cn/?pid=857070826beaaff8,公开平台收录，当前营业状态未核实
九华山金山宾馆,hotel,九华山风景区白马新村197号,117.7942827,30.4808043,converted_listing,ctrip、360,BD-09,117.80615561557538,30.48412864593446,https://hotels.ctrip.com/hotels/1256828.html | https://hotels.ctrip.com/hotels/list?countryId=1&city=20932&optionId=12650&optionType=Zone&optionName=%E4%B9%9D%E5%8D%8E%E5%B1%B1%E4%B8%8A&lowPrice=202&highPrice=218 | https://map.360.cn/?pid=7821074f03975180,公开平台收录，当前营业状态未核实
九华山金源山庄,hotel,池州市青阳县九华山风景区凤形新村53号,117.7923067,30.4846222,unverified_listing,360,GCJ-02,117.797638,30.482133,https://map.360.cn/?pid=a2563584fee897a2,公开平台收录，当前营业状态未核实
九华山金福客栈,hotel,"池州市青阳县九华山凤形村20号(景区内,山上)",117.7923202,30.4857349,unverified_listing,360,GCJ-02,117.797652,30.483246,https://map.360.cn/?pid=401ae7d22a838141,公开平台收录，当前营业状态未核实
九华山金霞山庄,hotel,安徽青阳九华镇灯塔新村107号,117.7962087,30.4842002,converted_listing,ctrip,GCJ-02,117.801532,30.481705,https://hotels.ctrip.com/hotels/13707491.html,公开平台收录，当前营业状态未核实
九华山金龙饭店(原三佳酒楼),hotel,池州市青阳县九华山风景区虎形山车站,117.7967746,30.4820929,unverified_listing,360,GCJ-02,117.802096,30.479596,https://map.360.cn/?pid=587fdde0763d613e,公开平台收录，当前营业状态未核实
九华山鑫意农庄,hotel,青阳九华山风景区九华镇闵园社区上闵组36号,117.7965172,30.4626348,converted_listing,ctrip、360,GCJ-02,117.801838,30.460133,https://hotels.ctrip.com/hotels/76156553.html | https://map.360.cn/?pid=97ef33ce121ac32d,公开平台收录，当前营业状态未核实
九华山鑫森宾馆,hotel,池州市青阳县九华镇山凤形新村56号山上主景区内,117.7911509,30.4795825,unverified_listing,360,GCJ-02,117.796485,30.477094,https://map.360.cn/?pid=ab13e1a310fbbcc1,公开平台收录，当前营业状态未核实
九华山鑫财山庄,hotel,青阳九华山风景区化城路35号,117.7949164,30.4802777,converted_listing,ctrip、360,GCJ-02,117.800242,30.477783,https://hotels.ctrip.com/hotels/1631693.html | https://map.360.cn/?pid=3e0d0d1b49f4f79a,公开平台收录，当前营业状态未核实
九华山锦川设计师花园民宿(九华山上店),hotel,青阳九华山风景区上闵园24号,117.7960003,30.4625248,converted_listing,ctrip,GCJ-02,117.801322,30.460024,https://hotels.ctrip.com/hotels/135762129.html,公开平台收录，当前营业状态未核实
九华山锦庭.静心朴宿民宿(九华山上祇园禅寺店),hotel,青阳九华山风景区九华镇灯塔新村99号,117.797919,30.4837124,converted_listing,ctrip,GCJ-02,117.803238,30.481214,https://hotels.ctrip.com/hotels/844137.html,公开平台收录，当前营业状态未核实
九华山锦聚山庄,hotel,池州市青阳县九华山风景区九华镇灯塔新村176号,117.79387,30.4857908,unverified_listing,360,GCJ-02,117.799199,30.483299,https://map.360.cn/?pid=210d5565bb56ff07,公开平台收录，当前营业状态未核实
九华山问水山居客栈,hotel,青阳九华山风景区灯塔新村87号,117.7964661,30.4846276,converted_listing,ctrip、360,GCJ-02,117.801789,30.482132,https://hotels.ctrip.com/hotels/54430706.html | https://map.360.cn/?pid=5c04e0459d396046,公开平台收录，当前营业状态未核实
九华山闵公生态庄园,hotel,池州市青阳县九华镇山风景区闵园景区内,117.8111675,30.4833156,unverified_listing,360,GCJ-02,117.816455,30.480794,https://map.360.cn/?pid=654d9b03b4d36ada,公开平台收录，当前营业状态未核实
九华山闵凤园山庄民宿(山上店),hotel,青阳九华山风景区闵园社区,117.7952405,30.4626456,converted_listing,ctrip,GCJ-02,117.800564,30.460146,https://hotels.ctrip.com/hotels/6904343.html,公开平台收录，当前营业状态未核实
九华山闵园土菜馆农家乐,hotel,青阳中闵园35号,117.804931,30.4716943,converted_listing,ctrip,GCJ-02,117.810233,30.469181,https://hotels.ctrip.com/hotels/17899938.html,公开平台收录，当前营业状态未核实
九华山闵园小憩住宿,hotel,青阳九华山风景区九华镇龙池路上闵园20号,117.7970915,30.4646303,converted_listing,ctrip、360,GCJ-02,117.802411,30.462128,https://hotels.ctrip.com/hotels/131569076.html | https://map.360.cn/?pid=63f9fcb557cd5a01,公开平台收录，当前营业状态未核实
九华山闵庭楠舍,hotel,青阳九华山风景区九华镇下闵园2号,117.8091509,30.4778593,converted_listing,ctrip、360,GCJ-02,117.814443,30.47534,https://hotels.ctrip.com/hotels/116950670.html | https://map.360.cn/?pid=9c6328afe74355d7,公开平台收录，当前营业状态未核实
九华山闵源居,hotel,青阳九华山风景区下闵园22号,117.8119909,30.4830352,converted_listing,ctrip、360、fliggy,GCJ-02,117.817277,30.480512,https://hotels.ctrip.com/hotels/107636703.html | https://map.360.cn/?pid=b972c7bc658b4304 | https://hotel.fliggy.com/hotel_list3.htm?city=341700 | https://hotel.fliggy.com/hotel_detail2.htm?shid=74912303,公开平台收录，当前营业状态未核实
九华山闵溪饭店,hotel,池州市青阳县九华山风景区九华镇中闵园1号,117.8033332,30.4703372,unverified_listing,360,GCJ-02,117.808639,30.467826,https://map.360.cn/?pid=df19aca08db53b18,公开平台收录，当前营业状态未核实
九华山闵闲居民宿,hotel,青阳九华山风景区下闵园22号,117.8119815,30.4830523,converted_listing,ctrip,GCJ-02,117.817267,30.480529,https://hotels.ctrip.com/hotels/135877002.html,公开平台收录，当前营业状态未核实
九华山闵阁老民宿(天台索道店),hotel,青阳九华镇九华山风景区上闵园31号,117.7976344,30.4654752,converted_listing,ctrip、360,GCJ-02,117.802953,30.462972,https://hotels.ctrip.com/hotels/132282087.html | https://map.360.cn/?pid=a0038c8ad0bee3c2,公开平台收录，当前营业状态未核实
九华山阳明山居民宿(肉身宝殿店),hotel,青阳九华山风景区内九华街,117.797032,30.4807809,converted_listing,ctrip、360,GCJ-02,117.802353,30.478283,https://hotels.ctrip.com/hotels/4508923.html | https://map.360.cn/?pid=86336199c504794d,公开平台收录，当前营业状态未核实
九华山陆和居小院,hotel,青阳九华镇凤形新村146号,117.7915771,30.4852002,converted_listing,ctrip,GCJ-02,117.79691,30.482712,https://hotels.ctrip.com/hotels/97487977.html,公开平台收录，当前营业状态未核实
九华山隐山云居民宿,hotel,安徽青阳九华山风景区凤形新村1号,117.79399566,30.48545955,converted_listing,ctrip,BD-09,117.805875,30.488782,https://hotels.ctrip.com/hotels/2306999.html,公开资料收录，当前营业状态未核实
九华山雅源山庄,hotel,池州市青阳县九华山风景区白马新村89号,117.7927673,30.4822732,unverified_listing,360,GCJ-02,117.798098,30.479783,https://map.360.cn/?pid=53e0a40a0c72ef03 | https://map.360.cn/?pid=8474e8fb9e874df7,公开平台收录，当前营业状态未核实
九华山集梦山居民宿(九华山上店),hotel,安徽青阳九华山风景区凤行新村九华镇小学东侧约200米,117.78809857,30.48511085,converted_listing,ctrip、360,BD-09,117.800011,30.48836,https://hotels.ctrip.com/hotels/104471916.html | https://map.360.cn/?pid=d0904f94d64c07c9 | https://you.ctrip.com/yougourmet/restdetail/jiuhuamountain182/145099746.html,公开资料收录，当前营业状态未核实
九华山雨石缘居,hotel,池州市青阳县九华山灯塔新村139号,117.7963327,30.4850703,unverified_listing,360,GCJ-02,117.801656,30.482575,https://map.360.cn/?pid=76ef9505284c7a92,公开平台收录，当前营业状态未核实
九华山雪云山庄,hotel,池州市青阳县乔安村佛光大道与050乡道交口南行200米,117.7963859,30.5044923,unverified_listing,360,GCJ-02,117.801711,30.502002,https://map.360.cn/?pid=8ea7537b09c8ba88 | https://map.360.cn/?pid=d19321407a7e2942,公开平台收录，当前营业状态未核实
九华山霞瑞山庄,hotel,池州市青阳县灯塔新村179号,117.7944297,30.4858765,unverified_listing,360,GCJ-02,117.799757,30.483384,https://map.360.cn/?pid=fda47da41aa0544b,公开平台收录，当前营业状态未核实
九华山青山宾馆,hotel,池州市青阳县九华镇九华山九华街芙蓉路65号,117.7996271,30.4838341,unverified_listing,360,GCJ-02,117.804943,30.481333,https://map.360.cn/?pid=ed7f54076a12067e,公开平台收录，当前营业状态未核实
九华山静和人家农家乐,hotel,青阳九华山风景区九华镇凤形新村24号旁,117.7901764,30.485128,converted_listing,ctrip,GCJ-02,117.795513,30.482642,https://hotels.ctrip.com/hotels/22765295.html,公开平台收录，当前营业状态未核实
九华山静娴山庄（山凤形新村39号）,hotel,池州市青阳县九华镇山凤形新村39号,117.7913603,30.4799883,unverified_listing,360,GCJ-02,117.796694,30.477499,https://map.360.cn/?pid=b7b82cc3ceb6a529,公开平台收录，当前营业状态未核实
九华山静缘·360°全视野环山·禅院清居美宿(肉身宝殿店),hotel,青阳九华山山上凤形新村,117.7890987,30.4849206,converted_listing,ctrip,GCJ-02,117.794437,30.482436,https://hotels.ctrip.com/hotels/1643965.html,公开平台收录，当前营业状态未核实
九华山静雅酒楼民宿,hotel,青阳九华镇白马新村123号,117.7914875,30.4811091,converted_listing,ctrip、360,GCJ-02,117.796821,30.47862,https://hotels.ctrip.com/hotels/123834602.html | https://map.360.cn/?pid=d036dec40661b664,公开平台收录，当前营业状态未核实
九华山静馨小苑,hotel,池州市青阳县九华山风景区九华镇白云小区26号,117.7843557,30.4839089,unverified_listing,360,GCJ-02,117.789703,30.481431,https://map.360.cn/?pid=cce1d2ec7df1eae1,公开平台收录，当前营业状态未核实
九华山靠天农家乐,hotel,青阳九华镇闵园社区中闵组58号,117.8074427,30.4709504,converted_listing,ctrip,GCJ-02,117.812739,30.468432,https://hotels.ctrip.com/hotels/108641424.html,公开平台收录，当前营业状态未核实
九华山顺利山庄,hotel,池州市青阳县九华山风景区白马新村162号,117.7917491,30.4792381,unverified_listing,360,GCJ-02,117.797082,30.476748,https://map.360.cn/?pid=9ba8d7be824e260d,公开平台收录，当前营业状态未核实
九华山顺达云居民宿(九华山上店),hotel,青阳九华山风景区芙蓉路6号,117.7993447,30.481945,converted_listing,ctrip、360,GCJ-02,117.804661,30.479444,https://hotels.ctrip.com/hotels/2647847.html | https://map.360.cn/?pid=39ca05ebc85f9308,公开平台收录，当前营业状态未核实
九华山风景区三石居宾馆,hotel,池州市青阳县九华山风景区九华街凤形新村41号,117.7928622,30.4845654,unverified_listing,360,GCJ-02,117.798193,30.482075,https://map.360.cn/?pid=a4d8e71c7ddf4cea,公开平台收录，当前营业状态未核实
九华山风景区九龙岗农家乐,hotel,青阳河东组39号,117.7961316,30.5039225,converted_listing,ctrip,GCJ-02,117.801457,30.501433,https://hotels.ctrip.com/hotels/26394060.html,公开平台收录，当前营业状态未核实
九华山风景区山涧小聚民宿,hotel,青阳九华山风景区九华镇凤形新村94号四楼,117.7919721,30.4845518,converted_listing,ctrip、360,GCJ-02,117.797305,30.482063,https://hotels.ctrip.com/hotels/133531686.html | https://map.360.cn/?pid=6532428a9ca606ec,公开平台收录，当前营业状态未核实
九华山风景区溪客山房民宿,hotel,池州市青阳县九华镇白马新村17号,117.7951623,30.4815059,unverified_listing,360,GCJ-02,117.800488,30.479011,https://map.360.cn/?pid=27fe4c615068d7cb,公开平台收录，当前营业状态未核实
九华山风景区缘起居民宿,hotel,安徽青阳九华山风景区上闵园11号,117.79623651,30.46259656,converted_listing,ctrip、360,BD-09,117.80808,30.46594,https://hotels.ctrip.com/hotels/117864675.html | https://map.360.cn/?pid=fbb644c874cb73f1,公开资料收录，当前营业状态未核实
九华山风景区静庭轻雅民宿,hotel,青阳九华山风景区九华镇下闵园18号,117.8043108,30.4766763,converted_listing,ctrip、360,GCJ-02,117.809615,30.474165,https://hotels.ctrip.com/hotels/117384142.html | https://map.360.cn/?pid=000a131b8c9f84f9,公开平台收录，当前营业状态未核实
九华山风眠里闵居民宿(天台索道店),hotel,青阳九华镇中闵园28号,117.8047809,30.4711632,converted_listing,ctrip,GCJ-02,117.810083,30.46865,https://hotels.ctrip.com/hotels/135807168.html,公开平台收录，当前营业状态未核实
九华山风雅农庄,hotel,池州市青阳县九华镇九华街凤形新村,117.7893395,30.485532,unverified_listing,360,GCJ-02,117.794678,30.483047,https://map.360.cn/?pid=23ec9b28952c86a1,公开平台收录，当前营业状态未核实
九华山香榭 ·里花园民宿(肉身宝殿店),hotel,青阳九华山风景区九华镇白马新村73号,117.7933134,30.4829026,converted_listing,ctrip、360,GCJ-02,117.798643,30.480411,https://hotels.ctrip.com/hotels/104437530.html | https://map.360.cn/?pid=cfacdda127f38e56 | https://you.ctrip.com/yougourmet/restdetail/jiuhuamountain182/140860426.html,公开平台收录，当前营业状态未核实
九华山馨成晓居,hotel,九华山风景区九华镇白马新村116号,117.7908059,30.4799531,converted_listing,ctrip、360,BD-09,117.80269811878654,30.48323080563724,https://hotels.ctrip.com/hotels/24198589.html | https://hotels.ctrip.com/hotels/list?countryId=1&city=20932&optionId=12650&optionType=Zone&optionName=%E4%B9%9D%E5%8D%8E%E5%B1%B1%E4%B8%8A&lowPrice=226&highPrice=234 | https://map.360.cn/?pid=3309b4dce086647d,公开平台收录，当前营业状态未核实
九华山高福盛客栈,hotel,池州市青阳县九华镇山主景区核心地段,117.7994062,30.4809197,unverified_listing,360,GCJ-02,117.804722,30.478418,https://map.360.cn/?pid=74787fabbee58bb7,公开平台收录，当前营业状态未核实
九华山鸿运山庄,hotel,池州市青阳县白马新村68号,117.7914573,30.4789693,unverified_listing,360,GCJ-02,117.79679,30.47648,https://map.360.cn/?pid=41ba62209eb1339c,公开平台收录，当前营业状态未核实
九华山鹿华苑民宿(肉身宝殿风景区店),hotel,青阳九华山风景区九华镇凤形新村31号,117.7895688,30.4847674,converted_listing,ctrip、360,GCJ-02,117.794906,30.482282,https://hotels.ctrip.com/hotels/83922654.html | https://map.360.cn/?pid=ce7b00d758396c68,公开平台收录，当前营业状态未核实
九华山鹿鸣南山民宿(九华山上店),hotel,青阳九华山风景区九华镇灯塔新村149号,117.7954281,30.4857556,converted_listing,ctrip、360,GCJ-02,117.800753,30.483262,https://hotels.ctrip.com/hotels/98048772.html | https://map.360.cn/?pid=d549c8d27e8eeb42,公开平台收录，当前营业状态未核实
九华山默愿小居,hotel,青阳九华山景区风俗村饭店西北侧约70米,117.7880899,30.485101,converted_listing,ctrip、360,GCJ-02,117.79343,30.482618,https://hotels.ctrip.com/hotels/109709188.html | https://map.360.cn/?pid=977a82065c4524bf,公开平台收录，当前营业状态未核实
九华山龙御民宿(九华山上祇园禅寺店),hotel,青阳九华镇化城路2号附4号,117.798266,30.4841181,converted_listing,ctrip,GCJ-02,117.803585,30.481619,https://hotels.ctrip.com/hotels/116914824.html,公开平台收录，当前营业状态未核实
九华山龙泉饭店,hotel,池州市青阳县九华镇山风景区芙蓉路24号,117.7987507,30.4800676,unverified_listing,360,GCJ-02,117.804068,30.477567,https://map.360.cn/?pid=0d10ab2afdeb684e,公开平台收录，当前营业状态未核实
九华山龙青山庄,hotel,池州市青阳县九华镇山风景区凤形新村42号,117.7911967,30.4854986,unverified_listing,360,GCJ-02,117.796531,30.483011,https://map.360.cn/?pid=3270a5e8088e1890,公开平台收录，当前营业状态未核实
九天幽篁民宿,hotel,杜村乡长龙村新建组1号,117.7859388,30.4750613,converted_listing,ctrip、360,BD-09,117.79785058982046,30.478283611927672,https://hotels.ctrip.com/hotels/107157198.html | https://hotels.ctrip.com/hotels/list?countryId=1&city=20932&optionId=12650&optionType=Zone&optionName=%E4%B9%9D%E5%8D%8E%E5%B1%B1%E4%B8%8A&lowPrice=234&highPrice=242 | https://map.360.cn/?pid=9bc45ed911a4e443,公开平台收录，当前营业状态未核实
九姑娘民宿(九华山上店),hotel,青阳九华山风景区九华镇灯塔新村148号,117.7955167,30.4853977,converted_listing,ctrip、360,GCJ-02,117.800842,30.482904,https://hotels.ctrip.com/hotels/117329279.html | https://map.360.cn/?pid=73bea25c160a8773,公开平台收录，当前营业状态未核实
九景山庄,hotel,池州市青阳县九华镇九华山风景区风形新村28号,117.7884119,30.4852922,unverified_listing,360,GCJ-02,117.793752,30.482809,https://map.360.cn/?pid=f6f4c4f231cbe04e,公开平台收录，当前营业状态未核实
九禧客栈(肉身宝殿店),hotel,青阳白马新村8-3号,117.7947788,30.4808873,converted_listing,ctrip、360,GCJ-02,117.800105,30.478393,https://hotels.ctrip.com/hotels/122476729.html | https://map.360.cn/?pid=1dfd97be135898f2 | https://you.ctrip.com/yougourmet/restdetail/jiuhuamountain182/149580235.html,公开平台收录，当前营业状态未核实
九章境苑民宿,hotel,池州市青阳县九华乡桥庵村桥西组5号,117.7945568,30.4986294,unverified_listing,360,GCJ-02,117.799885,30.496141,https://map.360.cn/?pid=73171dcf6ef934c9,公开平台收录，当前营业状态未核实
九莲苑宾馆,hotel,池州市青阳县九华镇九华山旃檀林寮房附近,117.7961493,30.4784923,unverified_listing,360,GCJ-02,117.801472,30.475995,https://map.360.cn/?pid=395275c3de96264e,公开平台收录，当前营业状态未核实
云峰山庄,hotel,池州市青阳县九华镇219省道,117.7951842,30.4849477,unverified_listing,360,GCJ-02,117.80051,30.482454,https://map.360.cn/?pid=0c698ae2397ec0af,公开平台收录，当前营业状态未核实
云幕·星辰民宿(九华山上店),hotel,青阳九华山风景区九华镇灯塔新村148号,117.7955125,30.4856519,converted_listing,ctrip、360,GCJ-02,117.800837,30.483158,https://hotels.ctrip.com/hotels/114967344.html | https://map.360.cn/?pid=c03b99092d412820,公开平台收录，当前营业状态未核实
云景民宿,hotel,青阳白马新村126号,117.7917741,30.4813598,converted_listing,ctrip,GCJ-02,117.797107,30.47887,https://hotels.ctrip.com/hotels/134186481.html,公开平台收录，当前营业状态未核实
云深山居·庭院美宿(九华山上化城寺店),hotel,青阳九华山风景区灯塔新村81号,117.7962702,30.4838792,converted_listing,ctrip、360,GCJ-02,117.801593,30.481383,https://hotels.ctrip.com/hotels/18419648.html | https://map.360.cn/?pid=1f5befb2cfc39e81 | https://you.ctrip.com/yougourmet/restdetail/jiuhuamountain182/153692919.html,公开平台收录，当前营业状态未核实
云雾山栖民宿(九华山上店),hotel,池州市青阳县九华山风景区上闵园,117.7956907,30.4625257,unverified_listing,360,GCJ-02,117.801013,30.460025,https://map.360.cn/?pid=ea5e62f6516924a8,公开平台收录，当前营业状态未核实
亦空间民宿(凤凰松店),hotel,青阳九华山风景区中闵园65号,117.8081243,30.4708765,converted_listing,ctrip,GCJ-02,117.813418,30.468357,https://hotels.ctrip.com/hotels/125207975.html,公开平台收录，当前营业状态未核实
伴山小筑民宿(九华山天台索道店),hotel,青阳九华山中闵园64号,117.8078742,30.4708133,converted_listing,ctrip,GCJ-02,117.813169,30.468294,https://hotels.ctrip.com/hotels/125766787.html,公开平台收录，当前营业状态未核实
佛施缘宾馆,hotel,池州市青阳县九华镇山风景区大门消防大队向东50米,117.7922306,30.4848765,unverified_listing,360,GCJ-02,117.797563,30.482387,https://map.360.cn/?pid=f1901e01911da130,公开平台收录，当前营业状态未核实
佛缘人家,hotel,池州市青阳县九华镇山凤形新村37号,117.7921368,30.4838566,unverified_listing,360,GCJ-02,117.797469,30.481367,https://map.360.cn/?pid=b45d896c55118a49,公开平台收录，当前营业状态未核实
信用山庄精品民宿(九华山上化城寺店),hotel,青阳九华山风景区九华镇灯塔新村169号,117.7946589,30.4852372,converted_listing,ctrip、360,GCJ-02,117.799986,30.482744,https://hotels.ctrip.com/hotels/97215603.html | https://map.360.cn/?pid=c5de27405b3b9587 | https://map.360.cn/?pid=f473264d64b4ce88,公开平台收录，当前营业状态未核实
农家小旅馆,hotel,池州市青阳县九华镇山风景区上闵园19号,117.7971821,30.4649071,unverified_listing,360,GCJ-02,117.802502,30.462405,https://map.360.cn/?pid=6c76f57be0eba3ce,公开平台收录，当前营业状态未核实
刘掌柜民宿,hotel,青阳龙池路九华镇祇民社区居民委员会东北100米,117.7922118,30.484633,converted_listing,ctrip,GCJ-02,117.797544,30.482144,https://hotels.ctrip.com/hotels/130413248.html,公开平台收录，当前营业状态未核实
半隐·观山Pray徽派古典美感庭院祈福度假艺宿(九华山风景区店),hotel,青阳九华山风景区芙蓉路38号,117.7972561,30.479073,converted_listing,ctrip、360,GCJ-02,117.802577,30.476574,https://hotels.ctrip.com/hotels/94453530.html | https://map.360.cn/?pid=aed1949e8b636cac,公开平台收录，当前营业状态未核实
半隐观山民宿(芙蓉路分店),hotel,池州市青阳县芙蓉路九华山半隐观山民宿,117.7972572,30.4789639,unverified_listing,360,GCJ-02,117.802578,30.476465,https://map.360.cn/?pid=776c987c7cd34cc6,公开平台收录，当前营业状态未核实
华云山庄,hotel,池州市青阳县九华镇山灯塔新村,117.795575,30.4849206,unverified_listing,360,GCJ-02,117.8009,30.482426,https://map.360.cn/?pid=ffe7168a46dc3255,公开平台收录，当前营业状态未核实
华润宾馆,hotel,池州市青阳县九华镇山风景区风行新村68号(近龙池路),117.79266,30.4841389,unverified_listing,360,GCJ-02,117.797991,30.481649,https://map.360.cn/?pid=650dc0b2b5f6b6c8,公开平台收录，当前营业状态未核实
华瑞大酒店,hotel,池州市青阳县九华镇219省道,117.7899148,30.482037,unverified_listing,360,GCJ-02,117.795251,30.479551,https://map.360.cn/?pid=a17f316e173adcb7,公开平台收录，当前营业状态未核实
华翔山庄,hotel,池州市青阳县九华镇山风景区凤形新村40号(近九华山消防中队),117.7908194,30.4855582,unverified_listing,360,GCJ-02,117.796154,30.483071,https://map.360.cn/?pid=04a39803c2b64573,公开平台收录，当前营业状态未核实
华西山庄,hotel,池州市青阳县九华镇山风景区灯塔新村147号,117.7959294,30.4854319,unverified_listing,360,GCJ-02,117.801253,30.482937,https://map.360.cn/?pid=b041c4a73b47fda8,公开平台收录，当前营业状态未核实
南庭简舍客栈,hotel,青阳九华山风景区九华镇龙池路灯塔新村118号,117.7969935,30.4848404,converted_listing,ctrip、360,GCJ-02,117.802315,30.482344,https://hotels.ctrip.com/hotels/132254835.html | https://map.360.cn/?pid=2315a2ba3c3305eb,公开平台收录，当前营业状态未核实
又一村民宿(九华山检票口店),hotel,青阳九华山风景区灯塔新村48号,117.7967861,30.483358,converted_listing,ctrip、360,GCJ-02,117.802108,30.480861,https://hotels.ctrip.com/hotels/11402774.html | https://map.360.cn/?pid=82b103ae16698756,公开平台收录，当前营业状态未核实
友缘山庄,hotel,池州市青阳县九华镇219省道,117.7950195,30.4856673,unverified_listing,360,GCJ-02,117.800346,30.483174,https://map.360.cn/?pid=7fa0fd97c24254b3,公开平台收录，当前营业状态未核实
合一山居民宿(肉身宝殿店),hotel,青阳九华镇凤形新村47号,117.7915834,30.4854031,converted_listing,ctrip、360,GCJ-02,117.796917,30.482915,https://hotels.ctrip.com/hotels/105495895.html | https://map.360.cn/?pid=e2d2fc2469a13c7c,公开平台收录，当前营业状态未核实
向南小筑(九华山肉身宝殿店),hotel,青阳九华山风景区九华镇219省道白马新村137号,117.7923661,30.4813427,converted_listing,ctrip,GCJ-02,117.797697,30.478852,https://hotels.ctrip.com/hotels/126908165.html,公开平台收录，当前营业状态未核实
君临驿站,hotel,池州市青阳县九华山风景区灯塔新村88号,117.7965276,30.4845861,unverified_listing,360,GCJ-02,117.80185,30.48209,https://map.360.cn/?pid=f9fda2d3458e60c6,公开平台收录，当前营业状态未核实
君莱酒店(九华山上客堂店),hotel,池州市青阳县九华镇芙蓉路1号,117.7996459,30.4827764,unverified_listing,360,GCJ-02,117.804961,30.480275,https://map.360.cn/?pid=7b9d90845cb81ad2,公开平台收录，当前营业状态未核实
听泉山房民宿(九华山上店),hotel,青阳九华镇白云新村6号,117.783451,30.4846465,converted_listing,ctrip,GCJ-02,117.788801,30.48217,https://hotels.ctrip.com/hotels/128816909.html,公开平台收录，当前营业状态未核实
和悦山色民宿(九华山景区店),hotel,青阳芙蓉路九华镇中心小学向东南方向45米,117.7875563,30.4849188,converted_listing,ctrip,GCJ-02,117.792898,30.482437,https://hotels.ctrip.com/hotels/127239230.html,公开平台收录，当前营业状态未核实
和瑞居别墅(青阳化城路店),hotel,池州市青阳县九华山风景区白马新村,117.7947777,30.4811244,unverified_listing,360,GCJ-02,117.800104,30.47863,https://map.360.cn/?pid=487d954863b41b48,公开平台收录，当前营业状态未核实
喜樂居·XILE·轻侘寂原木设计轻奢度假美宿(九华山肉身宝殿店),hotel,青阳九华山风景区九华镇综合文化站北50米,117.7899138,30.4851776,converted_listing,ctrip,GCJ-02,117.795251,30.482692,https://hotels.ctrip.com/hotels/133686992.html,公开平台收录，当前营业状态未核实
壹生活Onelife客栈(池州8号店),hotel,池州市九华山九华镇(化城路66号),117.8221159,30.4679071,unverified_listing,360,GCJ-02,117.827375,30.465361,https://map.360.cn/?pid=49791ad2cd9e7687,公开平台收录，当前营业状态未核实
大九华山庄,hotel,池州市青阳县九华镇山风景区灯塔新村159号,117.7955917,30.4849666,unverified_listing,360,GCJ-02,117.800916,30.482472,https://map.360.cn/?pid=dd7543d5036ee8ff,公开平台收录，当前营业状态未核实
大愿小屋商务宾馆,hotel,池州市青阳县九华镇山风景区白马新村9号,117.7948622,30.4810334,unverified_listing,360,GCJ-02,117.800188,30.478539,https://map.360.cn/?pid=892f4ca31beda806,公开平台收录，当前营业状态未核实
太白楼山莊(九华山山上店),hotel,青阳池州九华山风景区芙蓉路5号,117.7999211,30.4817836,converted_listing,ctrip、360,GCJ-02,117.805236,30.479281,https://hotels.ctrip.com/hotels/6806583.html | https://map.360.cn/?pid=791629ff5685a33e,公开平台收录，当前营业状态未核实
安楠雅筑民宿(九华山肉身宝殿店),hotel,青阳九华山风景区九华街芙蓉路61号,117.7954666,30.4797069,converted_listing,ctrip,GCJ-02,117.800791,30.477211,https://hotels.ctrip.com/hotels/1261485.html,公开平台收录，当前营业状态未核实
宝亮山庄,hotel,池州市青阳县九华镇山风景区金环酒店对面,117.7965662,30.4851118,unverified_listing,360,GCJ-02,117.801889,30.482616,https://map.360.cn/?pid=2817416d5ab28d08,公开平台收录，当前营业状态未核实
客来轩民宿(九华山风景区店),hotel,青阳九华镇祗民社区凤形新村31号附1号,117.7895365,30.4848088,converted_listing,ctrip、360,GCJ-02,117.794874,30.482324,https://hotels.ctrip.com/hotels/112816521.html | https://map.360.cn/?pid=baff4a2d08c48290,公开平台收录，当前营业状态未核实
宴君山庄,hotel,池州市青阳县九华镇山风景区灯塔新村131号,117.7962181,30.4846844,unverified_listing,360,GCJ-02,117.801541,30.482189,https://map.360.cn/?pid=818d9c971adc0bb9,公开平台收录，当前营业状态未核实
寻居民宿(九华山上店),hotel,青阳九华山风景区九华镇白云新村12号,117.786833,30.4848873,converted_listing,ctrip、360,GCJ-02,117.792176,30.482406,https://hotels.ctrip.com/hotels/113015477.html | https://map.360.cn/?pid=e966a186e55e8452,公开平台收录，当前营业状态未核实
小罗客栈,hotel,池州市青阳县灯塔新村166号,117.7952843,30.4854734,unverified_listing,360,GCJ-02,117.80061,30.48298,https://map.360.cn/?pid=a7bd1e00de35961a,公开平台收录，当前营业状态未核实
屋桐宿民宿(九华山肉身宝殿店),hotel,青阳九华山风景区九华镇凤形新村5号,117.7937668,30.4851515,converted_listing,ctrip、360,GCJ-02,117.799096,30.48266,https://hotels.ctrip.com/hotels/113286687.html | https://map.360.cn/?pid=8e85fc0d6e111613,公开平台收录，当前营业状态未核实
山居小筑民宿(九华山天台湾店),hotel,青阳杜村乡长垅村天台湾东南40米,117.7851717,30.4748413,converted_listing,ctrip,GCJ-02,117.790517,30.47236,https://hotels.ctrip.com/hotels/127828189.html,公开平台收录，当前营业状态未核实
山水院落·云院·悦闲民宿(九华山天台索道店),hotel,青阳九华山风景区中闵园67号,117.8077137,30.4705726,converted_listing,ctrip,GCJ-02,117.813009,30.468054,https://hotels.ctrip.com/hotels/125793307.html,公开平台收录，当前营业状态未核实
岸香·璞隐居酒店(九华山肉身宝殿店),hotel,青阳九华山风景区凤形新村170号,117.7942514,30.4854914,converted_listing,ctrip,GCJ-02,117.799579,30.482999,https://hotels.ctrip.com/hotels/134399829.html,公开平台收录，当前营业状态未核实
左临右舍民宿(肉身宝殿北广场店),hotel,青阳九华镇芙蓉路白马新村83号,117.792364,30.4826429,converted_listing,ctrip、360,GCJ-02,117.797695,30.480153,https://hotels.ctrip.com/hotels/104584730.html | https://map.360.cn/?pid=3e53a29e10980dd3,公开平台收录，当前营业状态未核实
帆铭小居民宿(九华山上店),hotel,青阳灯塔新村130号,117.7960784,30.4843995,converted_listing,ctrip、360,GCJ-02,117.801402,30.481904,https://hotels.ctrip.com/hotels/1095751.html | https://map.360.cn/?pid=f62bdd2fd7a655c3,公开平台收录，当前营业状态未核实
幸旺山庄,hotel,池州市青阳县九华山风景区灯塔新村112号,117.797081,30.4845491,unverified_listing,360,GCJ-02,117.802402,30.482052,https://map.360.cn/?pid=563ad3a7c2bc9bdd,公开平台收录，当前营业状态未核实
幸福山庄(祇园寺店),hotel,青阳灯塔新村45号,117.7965151,30.4833706,converted_listing,ctrip、360,GCJ-02,117.801838,30.480874,https://hotels.ctrip.com/hotels/124519880.html | https://map.360.cn/?pid=fb3eb87de99e25e7,公开平台收录，当前营业状态未核实
徽华山庄,hotel,池州市青阳县九华镇山风景区灯塔新村92号,117.7969247,30.4842381,unverified_listing,360,GCJ-02,117.802246,30.481741,https://map.360.cn/?pid=dc97129a4912de38,公开平台收录，当前营业状态未核实
徽景山庄,hotel,池州市青阳县九华镇只民社区居委会附近,117.7911873,30.4851921,unverified_listing,360,GCJ-02,117.796522,30.482705,https://map.360.cn/?pid=9c187c5c95260f77,公开平台收录，当前营业状态未核实
心灵驿站精品酒店,hotel,池州市青阳县九华山风景区灯塔新村164号,117.7955052,30.4843345,unverified_listing,360,GCJ-02,117.80083,30.48184,https://map.360.cn/?pid=430468d17dbe51df,公开平台收录，当前营业状态未核实
心竺十二程Pilgrim Twelve眠与山海·朝圣美宿(九华山肉身宝殿店),hotel,青阳九华镇白马新村118号,117.7921399,30.4811109,converted_listing,ctrip,GCJ-02,117.797472,30.478621,https://hotels.ctrip.com/hotels/125845070.html,公开平台收录，当前营业状态未核实
恒协山庄,hotel,池州市青阳县九华镇青阳灯塔新村130号,117.7965162,30.4846835,unverified_listing,360,GCJ-02,117.801839,30.482188,https://map.360.cn/?pid=9e44f9e023da9534,公开平台收录，当前营业状态未核实
悦漫·隐清居民宿(九华山上店),hotel,青阳九华山风景区九华镇白马新村111号,117.7907923,30.481541,converted_listing,ctrip、360,GCJ-02,117.796127,30.479053,https://hotels.ctrip.com/hotels/96486266.html | https://map.360.cn/?pid=e52abceff9e88250,公开平台收录，当前营业状态未核实
房东让和居士度假别墅(芙蓉路分店),hotel,青阳芙蓉路闵园村天然居酒店边,117.8052134,30.4717241,converted_listing,ctrip、360,GCJ-02,117.810515,30.46921,https://hotels.ctrip.com/hotels/117388041.html | https://map.360.cn/?pid=ad0e7952623d57ff,公开平台收录，当前营业状态未核实
拾间·常乐民宿(九华山上店),hotel,青阳九华山镇九华山风景区白云新村19号,117.786291,30.4857601,converted_listing,ctrip、360,GCJ-02,117.791635,30.48328,https://hotels.ctrip.com/hotels/108669472.html | https://map.360.cn/?pid=07f0acbb74658128 | https://map.360.cn/?pid=2935e9564ccf0814,公开平台收录，当前营业状态未核实
旺华楼旅社,hotel,青阳九华镇化城路2号附5号,117.7988163,30.4832534,converted_listing,ctrip、360,GCJ-02,117.804134,30.480753,https://hotels.ctrip.com/hotels/116781970.html | https://map.360.cn/?pid=26e74c361d74e581,公开平台收录，当前营业状态未核实
明心居民宿(九华山肉身宝殿店),hotel,青阳九华山风景区九华镇凤形新村41号,117.7908986,30.4854608,converted_listing,ctrip、360,GCJ-02,117.796233,30.482974,https://hotels.ctrip.com/hotels/111696580.html | https://map.360.cn/?pid=f331cb11d61e46f2,公开平台收录，当前营业状态未核实
景逸山庄,hotel,池州市青阳县九华山镇凤形新村79号,117.791797,30.4844788,unverified_listing,360,GCJ-02,117.79713,30.48199,https://map.360.cn/?pid=796a90c30e3e5269,公开平台收录，当前营业状态未核实
望山云野民宿(九华山肉身宝殿店),hotel,青阳九华山风景区灯塔新村147号,117.7956167,30.4856141,converted_listing,ctrip、360,GCJ-02,117.800941,30.48312,https://hotels.ctrip.com/hotels/133620823.html | https://map.360.cn/?pid=0b9cd15cf99dc788,公开平台收录，当前营业状态未核实
木浔与森民宿,hotel,池州市青阳县九华山风景区灯塔新村57号,117.7973864,30.4828936,unverified_listing,360,GCJ-02,117.802707,30.480396,https://map.360.cn/?pid=8559e30e47128713,公开平台收录，当前营业状态未核实
朴然悠居·Leisurely·轻奢休闲度假私墅(九华山天台索道店),hotel,青阳九华山风景区上闵园30号,117.7974218,30.4654941,converted_listing,ctrip、360,GCJ-02,117.802741,30.462992,https://hotels.ctrip.com/hotels/132002198.html | https://map.360.cn/?pid=6d92d824fb66461a,公开平台收录，当前营业状态未核实
杨宝平客栈(佛光大道1号分店),hotel,池州市青阳县佛光大道九华镇228省道九华山风景区,117.7953249,30.4847628,unverified_listing,360,GCJ-02,117.80065,30.482269,https://map.360.cn/?pid=7b49d26aa7527d8d,公开平台收录，当前营业状态未核实
杰雅民宿(九华山上店),hotel,青阳九华镇中闵园22号,117.8041076,30.4715852,converted_listing,ctrip、360,GCJ-02,117.809412,30.469073,https://hotels.ctrip.com/hotels/111548341.html | https://map.360.cn/?pid=56c9d597808aca73,公开平台收录，当前营业状态未核实
止观山房礼佛美宿(九华山上肉身宝殿店),hotel,青阳九华镇白马新村68号,117.7929851,30.4825609,converted_listing,ctrip,GCJ-02,117.798315,30.48007,https://hotels.ctrip.com/hotels/133623216.html,公开平台收录，当前营业状态未核实
步云居民宿(九华山风景区店),hotel,青阳乔安村河西组15号,117.7926027,30.5053823,converted_listing,ctrip,GCJ-02,117.797936,30.502899,https://hotels.ctrip.com/hotels/133349653.html,公开平台收录，当前营业状态未核实
池州九华山久缘山庄,hotel,池州市青阳县九华山风景区灯塔新村190号,117.7942796,30.4843832,unverified_listing,360,GCJ-02,117.799607,30.481891,https://map.360.cn/?pid=d987a9a5d315e318,公开平台收录，当前营业状态未核实
池州九华山国庆山庄,hotel,池州市青阳县九华镇山上凤形村39号,117.7905193,30.4856123,unverified_listing,360,GCJ-02,117.795855,30.483126,https://map.360.cn/?pid=24292ba1883d0491,公开平台收录，当前营业状态未核实
池州九华山宾朋山庄,hotel,池州市青阳县九华镇山凤形村16号,117.792833,30.4856474,unverified_listing,360,GCJ-02,117.798164,30.483158,https://map.360.cn/?pid=2564ae86d3a1da30,公开平台收录，当前营业状态未核实
池州九华山广丰山庄,hotel,池州市青阳县九华山风景区九华镇白马新村193号,117.7942035,30.4810144,unverified_listing,360,GCJ-02,117.799531,30.478521,https://map.360.cn/?pid=71b193929110ae44,公开平台收录，当前营业状态未核实
池州九华山稻香居客栈,hotel,池州市青阳县池州九华山风景区代村居民点,117.7961826,30.4843922,unverified_listing,360,GCJ-02,117.801506,30.481897,https://map.360.cn/?pid=15b266faf5ad761a,公开平台收录，当前营业状态未核实
池州九华山风雅酒楼客栈,hotel,"池州市青阳县池州九华山风景区九华街凤形新村,国家电网旁边",117.7906902,30.4836294,unverified_listing,360,GCJ-02,117.796025,30.481142,https://map.360.cn/?pid=dacb9b45ab3af7e8,公开平台收录，当前营业状态未核实
池州九华苑宾馆,hotel,池州市青阳县九华镇九华山旃檀林寮房附近,117.7968986,30.4785582,unverified_listing,360,GCJ-02,117.80222,30.47606,https://map.360.cn/?pid=8c470fd983a64724,公开平台收录，当前营业状态未核实
池州华兴大酒店,hotel,池州市青阳县九华山风景区九华镇白马新村125号,117.7977011,30.4852326,unverified_listing,360,GCJ-02,117.803021,30.482735,https://map.360.cn/?pid=66a9cdb18eb13279,公开平台收录，当前营业状态未核实
池州华晨山庄,hotel,池州市青阳县池州九华山风景区白马新村12号,117.7946016,30.4812624,unverified_listing,360,GCJ-02,117.799928,30.478769,https://map.360.cn/?pid=184397744ded9246,公开平台收录，当前营业状态未核实
池州回忆客栈,hotel,池州市青阳县池州青阳九华山风景区肉身宝殿北大门旁,117.7931488,30.4816132,unverified_listing,360,GCJ-02,117.798478,30.479122,https://map.360.cn/?pid=2a3f90f9e9fb57cd,公开平台收录，当前营业状态未核实
池州宏兴山庄客栈,hotel,池州市青阳县九华山风景区凤形新村38号九华山宏兴山庄,117.7906371,30.4854779,unverified_listing,360,GCJ-02,117.795972,30.482991,https://map.360.cn/?pid=2e2e61e785207eda,公开平台收录，当前营业状态未核实
池州我想笑客栈,hotel,池州市青阳县九华街,117.8124786,30.4853363,unverified_listing,360,GCJ-02,117.817763,30.482813,https://map.360.cn/?pid=7ddc3b28f64f534e,公开平台收录，当前营业状态未核实
池州我想笑客栈(化城路分店),hotel,池州市青阳县化城路,117.7985651,30.4807728,unverified_listing,360,GCJ-02,117.803883,30.478272,https://map.360.cn/?pid=83991bb99fda87cc,公开平台收录，当前营业状态未核实
池州玉玲饭店,hotel,池州市青阳县九华山风景区化城路78号,117.7964776,30.4805681,unverified_listing,360,GCJ-02,117.8018,30.478071,https://map.360.cn/?pid=01676eb118ccc1ae,公开平台收录，当前营业状态未核实
池州福厚山庄,hotel,池州市青阳县九华山风景区凤行新村30号,117.7923661,30.4851289,unverified_listing,360,GCJ-02,117.797698,30.48264,https://map.360.cn/?pid=4ae1b3ca8844e907,公开平台收录，当前营业状态未核实
池州花筑·九华山静心朴宿民宿,hotel,池州市青阳县九华山风景区灯塔新村,117.7993134,30.4874328,unverified_listing,360,GCJ-02,117.80463,30.484933,https://map.360.cn/?pid=62791c1de0f134aa,公开平台收录，当前营业状态未核实
池州蔚漫民宿(6号店),hotel,池州市青阳县S219(龙池路),117.8049893,30.472679,unverified_listing,360,GCJ-02,117.810291,30.470165,https://map.360.cn/?pid=dd76d8b2d862d5f8,公开平台收录，当前营业状态未核实
池州金香樟别院,hotel,池州市青阳县九华山风景区神光岭8号,117.7948747,30.4794536,unverified_listing,360,GCJ-02,117.8002,30.476959,https://map.360.cn/?pid=53bb81f65e11053f,公开平台收录，当前营业状态未核实
池州齐友山庄,hotel,池州市青阳县白马新村111号,117.7967673,30.4781858,unverified_listing,360,GCJ-02,117.802089,30.475688,https://map.360.cn/?pid=2277b106cf5ea190,公开平台收录，当前营业状态未核实
沉香山色民宿(九华山上店),hotel,安徽青阳芙蓉路九华镇中心小学向东50米,117.78784752,30.48491358,converted_listing,ctrip,BD-09,117.799761,30.48816,https://hotels.ctrip.com/hotels/127255094.html,公开资料收录，当前营业状态未核实
沐云居民宿(九华山上肉身宝殿店),hotel,青阳九华山风景区九华镇凤形新村38号,117.7906235,30.4851704,converted_listing,ctrip、360,GCJ-02,117.795959,30.482684,https://hotels.ctrip.com/hotels/70801909.html | https://map.360.cn/?pid=e69c633cbf93bf45,公开平台收录，当前营业状态未核实
沐宸小居(肉身宝殿九华山上店),hotel,青阳九华镇白马新村113号,117.7908611,30.481394,converted_listing,ctrip、360,GCJ-02,117.796196,30.478906,https://hotels.ctrip.com/hotels/114882793.html | https://map.360.cn/?pid=5923b27ae81c80b9,公开平台收录，当前营业状态未核实
沐泽缘・Quiet Years 静心度假民宿(肉身宝殿店),hotel,青阳凤形新村76号,117.7920399,30.4844121,converted_listing,ctrip,GCJ-02,117.797372,30.481923,https://hotels.ctrip.com/hotels/130009529.html,公开平台收录，当前营业状态未核实
浅山民宿(九华山天台湾店),hotel,青阳九华山风景区天台湾东南侧40米,117.7854354,30.4750487,converted_listing,ctrip,GCJ-02,117.79078,30.472567,https://hotels.ctrip.com/hotels/134722001.html,公开平台收录，当前营业状态未核实
润泽·云梦Life轻奢设计美宿(九华山肉身宝殿店),hotel,青阳灯塔新村171号,117.7947798,30.4855609,converted_listing,ctrip,GCJ-02,117.800106,30.483068,https://hotels.ctrip.com/hotels/134034549.html,公开平台收录，当前营业状态未核实
润祥客栈,hotel,池州市青阳县九华山镇二一九省道九华山风景区内,117.7974312,30.4648629,unverified_listing,360,GCJ-02,117.80275,30.46236,https://map.360.cn/?pid=37b41f396d9e5af2,公开平台收录，当前营业状态未核实
清念山·悠野民宿(九华山上店),hotel,青阳九华山灯塔新村156号,117.7950727,30.4856285,converted_listing,ctrip,GCJ-02,117.800399,30.483135,https://hotels.ctrip.com/hotels/840207.html,公开平台收录，当前营业状态未核实
清悦云居酒店(九华山肉身宝殿店),hotel,池州市青阳县九华山风景区灯塔新村89号,117.7969768,30.4838233,unverified_listing,360,GCJ-02,117.802298,30.481326,https://map.360.cn/?pid=5d829ebfe7b3665c,公开平台收录，当前营业状态未核实
清泉晓居,hotel,池州市青阳县凤形新村202号,117.7911467,30.478009,unverified_listing,360,GCJ-02,117.79648,30.47552,https://map.360.cn/?pid=dcbfd136881a1318,公开平台收录，当前营业状态未核实
湖海小栈,hotel,池州市青阳县神光岭路5号,117.7947308,30.480101,unverified_listing,360,GCJ-02,117.800057,30.477607,https://map.360.cn/?pid=5dabc0e99d083d93,公开平台收录，当前营业状态未核实
溪客山房·禅意轻奢·亲子休闲度假庭院民宿(肉身宝殿店),hotel,青阳九华镇白马新村80号,117.7938637,30.4827953,converted_listing,ctrip、360,GCJ-02,117.799192,30.480303,https://hotels.ctrip.com/hotels/120781847.html | https://map.360.cn/?pid=f1445b1343c5465d,公开平台收录，当前营业状态未核实
灵山常悦居(九华山店),hotel,青阳九华山风景区九华镇灯塔新村133号,117.7966569,30.4847448,converted_listing,ctrip、360、fliggy,GCJ-02,117.801979,30.482249,https://hotels.ctrip.com/hotels/15898551.html | https://map.360.cn/?pid=87a3cde6eadc042c | https://hotel.fliggy.com/hotel_list3.htm?city=341700 | https://hotel.fliggy.com/hotel_detail2.htm?shid=51318372,公开平台收录，当前营业状态未核实
烟语山里民宿(九华山山上店),hotel,青阳九华山风景区九华镇白云新村25号,117.7867955,30.4865086,converted_listing,ctrip、360,GCJ-02,117.792139,30.484028,https://hotels.ctrip.com/hotels/111840776.html | https://map.360.cn/?pid=d6edeee84e9287fc,公开平台收录，当前营业状态未核实
熙和·春居|Serene Hut 梵音环山·隐逸美宿(九华山肉身宝殿店),hotel,青阳九华山风景区龙池路净戒禅院东北60米处,117.789007,30.4815951,converted_listing,ctrip,GCJ-02,117.794345,30.47911,https://hotels.ctrip.com/hotels/133538546.html,公开平台收录，当前营业状态未核实
玉宝山庄,hotel,池州市青阳县九华镇山风景区灯塔新村135号,117.7966808,30.4852317,unverified_listing,360,GCJ-02,117.802003,30.482736,https://map.360.cn/?pid=c4aaaf5942f4df08,公开平台收录，当前营业状态未核实
玖栖雲庭·Courtyard全智能山景度假美宿(九华山肉身宝殿店),hotel,青阳九华山风景区灯塔新村153号,117.7956167,30.4860947,converted_listing,ctrip、360,GCJ-02,117.800941,30.483601,https://hotels.ctrip.com/hotels/105495909.html | https://map.360.cn/?pid=be4f45afefd79b88,公开平台收录，当前营业状态未核实
玖钥云舫・禅居民宿(九华山上肉身宝殿店),hotel,青阳九华镇白马新村79号,117.7938554,30.4827764,converted_listing,ctrip,GCJ-02,117.799184,30.480284,https://hotels.ctrip.com/hotels/133527454.html,公开平台收录，当前营业状态未核实
瑞玺民宿(九华山化城寺店),hotel,池州市青阳县化城路69号,117.7967361,30.4811839,unverified_listing,360,GCJ-02,117.802058,30.478687,https://map.360.cn/?pid=013d28e744d5f13d,公开平台收录，当前营业状态未核实
祈福民宿(月身宝殿店),hotel,青阳九华山风景区凤形新村198号,117.7902327,30.4819711,converted_listing,ctrip、360,GCJ-02,117.795569,30.479484,https://hotels.ctrip.com/hotels/1199904.html | https://map.360.cn/?pid=e147078c00b01a68,公开平台收录，当前营业状态未核实
神光岭宾馆,hotel,池州市青阳县九华镇219省道,117.7912853,30.4788747,unverified_listing,360,GCJ-02,117.796619,30.476385,https://map.360.cn/?pid=100e05245c0b872c,公开平台收录，当前营业状态未核实
禅隐民宿酒店(芙蓉路分店),hotel,池州市青阳县九华山风景区凤形新村1号,117.7938512,30.4855401,unverified_listing,360,GCJ-02,117.79918,30.483049,https://map.360.cn/?pid=3be25d01a3ce8961,公开平台收录，当前营业状态未核实
程锦雅宿(九华山上店),hotel,青阳九华镇白云居民区云禅林,117.7866944,30.4838611,converted_listing,ctrip、360,GCJ-02,117.792038,30.48138,https://hotels.ctrip.com/hotels/35910278.html | https://map.360.cn/?pid=70e81d73ec61db1e,公开平台收录，当前营业状态未核实
竹林山庄(九华山肉身宝殿店),hotel,青阳九华山灯塔新村163号,117.7955532,30.4844472,converted_listing,ctrip、360,GCJ-02,117.800878,30.481953,https://hotels.ctrip.com/hotels/12121026.html | https://map.360.cn/?pid=1a874f7b9501b3f4 | https://you.ctrip.com/yougourmet/restdetail/jiuhuamountain182/43226270.html,公开平台收录，当前营业状态未核实
纯亦民宿,hotel,池州市青阳县九华镇凤形新村30-1号,117.7898345,30.4850307,unverified_listing,360,GCJ-02,117.795172,30.482545,https://map.360.cn/?pid=d35c8bf4091d0b9a,公开平台收录，当前营业状态未核实
聚缘别墅,hotel,池州市青阳县灯塔新村126号,117.7967381,30.484596,unverified_listing,360,GCJ-02,117.80206,30.4821,https://map.360.cn/?pid=f1ec42a87f70ce17,公开平台收录，当前营业状态未核实
良友大酒店,hotel,池州市青阳县S228九华山风景区,117.7953854,30.5054671,unverified_listing,360,GCJ-02,117.800712,30.502979,https://map.360.cn/?pid=7d141ec07f5e0b55,公开平台收录，当前营业状态未核实
花筑·九华山且听风吟民宿(肉身宝殿店),hotel,青阳九华山风景区九华镇白马新村195号,117.7939169,30.4807475,converted_listing,ctrip、360,GCJ-02,117.799245,30.478255,https://hotels.ctrip.com/hotels/115797035.html | https://map.360.cn/?pid=35dd6ee5026e9733,公开平台收录，当前营业状态未核实
花筑·九华山凤院民宿(肉身宝殿店),hotel,青阳九华山风景区九华镇凤形新村41-2号,117.7909341,30.485413,converted_listing,ctrip、360,GCJ-02,117.796269,30.482926,https://hotels.ctrip.com/hotels/112074602.html | https://map.360.cn/?pid=7c70fe8cb020220d,公开平台收录，当前营业状态未核实
花筑·九华山尊曼印象民宿(肉身宝殿店),hotel,青阳九华镇祇民社区白马新村202号,117.7906318,30.4819829,converted_listing,ctrip,GCJ-02,117.795967,30.479495,https://hotels.ctrip.com/hotels/117030279.html,公开平台收录，当前营业状态未核实
花筑·九华山山忠泽院民宿(九华山上店),hotel,青阳九华山风景区九华镇灯塔新村161号-1号,117.7943796,30.4835086,converted_listing,ctrip,GCJ-02,117.799707,30.481016,https://hotels.ctrip.com/hotels/121053378.html,公开平台收录，当前营业状态未核实
花筑·九华山归野慢山礼佛美宿(肉身宝殿店),hotel,安徽青阳九华山风景区凤形新村48号,117.79162334,30.48553339,converted_listing,ctrip,BD-09,117.803517,30.488824,https://hotels.ctrip.com/hotels/132002762.html,公开资料收录，当前营业状态未核实
花筑·九华山悦漫云沐民宿(九华山上店),hotel,青阳九华镇白马新村109号,117.7909289,30.4822408,converted_listing,ctrip、360,GCJ-02,117.796263,30.479753,https://hotels.ctrip.com/hotels/97715663.html | https://map.360.cn/?pid=e9b352ff5a28a2e0,公开平台收录，当前营业状态未核实
花筑·九华山朴宿揽山民宿(肉身宝殿正门店),hotel,青阳九华山风景区九华镇白马新村31号,117.7940367,30.481596,converted_listing,ctrip、360、fliggy,GCJ-02,117.799365,30.479103,https://hotels.ctrip.com/hotels/48892016.html | https://map.360.cn/?pid=da5cddd8c4571e73 | https://hotel.fliggy.com/hotel_list3.htm?city=341700 | https://hotel.fliggy.com/hotel_detail2.htm?shid=52347718,公开平台收录，当前营业状态未核实
花筑·九华山松悦楼民宿(肉身宝殿店),hotel,青阳九华山风景区九华镇白马新村16号,117.7943723,30.4813192,converted_listing,ctrip、360,GCJ-02,117.799699,30.478826,https://hotels.ctrip.com/hotels/133325675.html | https://map.360.cn/?pid=c8fb19e81aaf4686,公开平台收录，当前营业状态未核实
花筑·九华山林栖见晚民宿(肉身宝殿店),hotel,池州市青阳县九华山风景区九华镇白马新村88号,117.7928048,30.4822958,unverified_listing,360,GCJ-02,117.798135,30.479805,https://map.360.cn/?pid=38f67074291f28d5,公开平台收录，当前营业状态未核实
花筑·九华山桃李客栈,hotel,池州市青阳县九华镇凤形新村菜市场1号,117.7892905,30.4850748,unverified_listing,360,GCJ-02,117.794629,30.48259,https://map.360.cn/?pid=23c4720f91282ac2,公开平台收录，当前营业状态未核实
花筑·九华山楠悦民宿(肉身宝殿店),hotel,青阳九华镇白马新村112号,117.7908392,30.4815149,converted_listing,ctrip、360、fliggy,GCJ-02,117.796174,30.479027,https://hotels.ctrip.com/hotels/116697280.html | https://map.360.cn/?pid=3427a023171aee47 | https://hotel.fliggy.com/hotel_list3.htm?city=341700 | https://hotel.fliggy.com/hotel_detail2.htm?shid=77197072,公开平台收录，当前营业状态未核实
花筑·九华山沁雅居民宿(肉身宝殿店),hotel,青阳九华山风景区九华镇白马新村127号,117.7922441,30.4814743,converted_listing,ctrip,GCJ-02,117.797576,30.478984,https://hotels.ctrip.com/hotels/129924973.html,公开平台收录，当前营业状态未核实
花筑·九华山流云筑民宿(九华山上店),hotel,青阳九华镇凤形新村195号,117.790291,30.4819901,converted_listing,ctrip、360、fliggy,GCJ-02,117.795627,30.479503,https://hotels.ctrip.com/hotels/23859082.html | https://map.360.cn/?pid=ee09c6347f34188f | https://hotel.fliggy.com/hotel_list3.htm?city=341700 | https://hotel.fliggy.com/hotel_detail2.htm?shid=55123037,公开平台收录，当前营业状态未核实
花筑·九华山盛茵云栖民宿(肉身宝殿店),hotel,青阳九华镇白马新村60号,117.7933155,30.4821542,converted_listing,ctrip,GCJ-02,117.798645,30.479663,https://hotels.ctrip.com/hotels/134680109.html,公开平台收录，当前营业状态未核实
花筑·九华山空空之外民宿(化城寺店),hotel,池州市青阳县九华山风景区九华镇灯塔新村177号,117.7945943,30.4856826,unverified_listing,360,GCJ-02,117.799921,30.48319,https://map.360.cn/?pid=dd163fa4b5f87b9d,公开平台收录，当前营业状态未核实
花筑·九华山缘来山居(化城寺旃檀林店),hotel,青阳九华镇化城路85号,117.7967673,30.4804382,converted_listing,ctrip、360,GCJ-02,117.802089,30.477941,https://hotels.ctrip.com/hotels/98047507.html | https://map.360.cn/?pid=ac708fc40e4244ad,公开平台收录，当前营业状态未核实
花筑·九华山青桃FREE民宿(肉身宝殿店),hotel,青阳九华山风景区凤形新村194号,117.7903796,30.4821037,converted_listing,ctrip,GCJ-02,117.795715,30.479617,https://hotels.ctrip.com/hotels/127887793.html,公开平台收录，当前营业状态未核实
花筑·常品山居民宿(九华山上肉身宝殿店),hotel,安徽青阳九华山风景区九华镇白马新村180号,117.79188708,30.48170613,converted_listing,ctrip、360,BD-09,117.803775,30.484998,https://hotels.ctrip.com/hotels/68072292.html | https://map.360.cn/?pid=cc1210aeb5174577,公开资料收录，当前营业状态未核实
花筑·朴屿·Valley|礼佛美宿(九华山肉身宝殿店),hotel,青阳九华镇凤形新村190号,117.78987,30.4823408,converted_listing,ctrip,GCJ-02,117.795207,30.479855,https://hotels.ctrip.com/hotels/133527629.html,公开平台收录，当前营业状态未核实
花筑·桃李客栈(九华山上店),hotel,青阳九华镇九华山风景区凤形新村98号,117.7891258,30.4848485,converted_listing,ctrip,GCJ-02,117.794464,30.482364,https://hotels.ctrip.com/hotels/68023899.html,公开平台收录，当前营业状态未核实
花筑·梵悦民宿(九华山肉身宝殿店),hotel,青阳九华山风景区白马新村120号,117.7911978,30.4813436,converted_listing,ctrip,GCJ-02,117.796532,30.478855,https://hotels.ctrip.com/hotels/133482459.html,公开平台收录，当前营业状态未核实
花筑·漫月云山民宿(肉身宝殿店),hotel,青阳九华山风景区白马新村117号,117.7916699,30.4811064,converted_listing,ctrip、360,GCJ-02,117.797003,30.478617,https://hotels.ctrip.com/hotels/131869269.html | https://map.360.cn/?pid=38a3301c7a73b552,公开平台收录，当前营业状态未核实
花筑·禧悦巷子里民宿(九华山肉身宝殿店),hotel,青阳九华山风景区九华镇白马新村61号,117.7934854,30.4822922,converted_listing,ctrip,GCJ-02,117.798814,30.4798,https://hotels.ctrip.com/hotels/133578712.html,公开平台收录，当前营业状态未核实
花筑·空空之外民宿(九华山上店),hotel,青阳九华山风景区九华镇灯塔新村177号,117.79471,30.4856979,converted_listing,ctrip,GCJ-02,117.800037,30.483205,https://hotels.ctrip.com/hotels/116989499.html | https://hotels.ctrip.com/hotels/127864467.html,公开平台收录，当前营业状态未核实
花筑·雨石缘松梵设计师民宿(九华山肉身宝殿店),hotel,青阳九华镇灯塔新村139号,117.7964005,30.4851434,converted_listing,ctrip,GCJ-02,117.801723,30.482648,https://hotels.ctrip.com/hotels/134876945.html,公开平台收录，当前营业状态未核实
莲华·慢节奏民宿(九华山肉身宝殿店),hotel,青阳九华镇芙蓉路54号,117.7952947,30.4790667,converted_listing,ctrip,GCJ-02,117.800619,30.476571,https://hotels.ctrip.com/hotels/133722266.html,公开平台收录，当前营业状态未核实
财源山荘(九华山上店),hotel,青阳青阳县九华山风景区芙蓉路16号,117.7996939,30.4807412,converted_listing,ctrip、360,GCJ-02,117.805009,30.478239,https://hotels.ctrip.com/hotels/83107493.html | https://map.360.cn/?pid=2334d361e30d9cc3,公开平台收录，当前营业状态未核实
贵正竹居·休闲庭院·Mountain观山礼佛民宿(九华山上九华街店),hotel,青阳九华山风景区九华镇凤形新村181号,117.7894406,30.4829585,converted_listing,ctrip,GCJ-02,117.794778,30.480473,https://hotels.ctrip.com/hotels/116623598.html,公开平台收录，当前营业状态未核实
轻工宾馆,hotel,池州市青阳县九华镇化城路10号,117.7984578,30.4815077,unverified_listing,360,GCJ-02,117.803776,30.479008,https://map.360.cn/?pid=3be2996f5022efb0,公开平台收录，当前营业状态未核实
金森宾馆,hotel,池州市青阳县九华镇219省道,117.7924161,30.4841876,unverified_listing,360,GCJ-02,117.797748,30.481698,https://map.360.cn/?pid=97510ef52ec7ea06,公开平台收录，当前营业状态未核实
金环酒店,hotel,池州市青阳县九华镇灯塔新村165号,117.7958398,30.4842453,unverified_listing,360,GCJ-02,117.801164,30.48175,https://map.360.cn/?pid=ed60c316acb2ccc3,公开平台收录，当前营业状态未核实
金缘梦民宿(九华山上店),hotel,青阳九华镇龙池路灯塔新村151号,117.7955438,30.4852723,converted_listing,ctrip、360,GCJ-02,117.800869,30.482778,https://hotels.ctrip.com/hotels/125453215.html | https://map.360.cn/?pid=73aadd153835252a,公开平台收录，当前营业状态未核实
金鸡饭店(九华山天台景区店),hotel,青阳九华镇中闵园59号,117.8073583,30.4705194,converted_listing,ctrip、360,GCJ-02,117.812654,30.468001,https://hotels.ctrip.com/hotels/106798811.html | https://map.360.cn/?pid=48f22cf201a8bde3 | https://map.360.cn/?pid=a3d9ebc4b5e4588c,公开平台收录，当前营业状态未核实
鑫森宾馆,hotel,池州市青阳县九华镇219省道,117.7921014,30.4845978,unverified_listing,360,GCJ-02,117.797434,30.482109,https://map.360.cn/?pid=562e89a5098f3459,公开平台收录，当前营业状态未核实
钱松居民宿,hotel,青阳芙蓉路太白画廊东约40米处,117.7996824,30.4818395,converted_listing,ctrip,GCJ-02,117.804998,30.479338,https://hotels.ctrip.com/hotels/133132779.html,公开平台收录，当前营业状态未核实
闵园旅馆,hotel,池州市青阳县九华镇山风景区闵园村庄,117.7973458,30.4650316,unverified_listing,360,GCJ-02,117.802665,30.462529,https://map.360.cn/?pid=db106aba4a94996f,公开平台收录，当前营业状态未核实
闵园生态农庄(九华山上店),hotel,青阳九华山上闵园29号,117.7982566,30.4656916,converted_listing,ctrip、360,GCJ-02,117.803574,30.463188,https://hotels.ctrip.com/hotels/16011329.html | https://map.360.cn/?pid=72a17fef8967be89 | https://map.360.cn/?pid=bd4336f12d2941bc,公开平台收录，当前营业状态未核实
青峰隐·Hidden Peak|云岭寻幽雅宿(九华山祈园寺店),hotel,青阳九华镇灯塔新村56号,117.7971623,30.4831623,converted_listing,ctrip,GCJ-02,117.802483,30.480665,https://hotels.ctrip.com/hotels/134392936.html,公开平台收录，当前营业状态未核实
青阳九华山叶家山庄(山上店)-慢生活·远方的家,hotel,池州市青阳县九华山风景区九华镇灯塔新村100号,117.7975855,30.4845158,unverified_listing,360,GCJ-02,117.802906,30.482018,https://map.360.cn/?pid=bfb336b72585d38c,公开平台收录，当前营业状态未核实
青阳佛华山庄,hotel,池州市青阳县九华山风景区灯塔新村,117.7961378,30.4853237,unverified_listing,360,GCJ-02,117.801461,30.482829,https://map.360.cn/?pid=81109f97dbb6762b,公开平台收录，当前营业状态未核实
青阳县九华山梅龙农家旅馆,hotel,池州市青阳县九华山佛教旅游风景区,117.8001858,30.502128,unverified_listing,360,GCJ-02,117.805502,30.499631,https://map.360.cn/?pid=6161a8871a4aadbd,公开平台收录，当前营业状态未核实
青阳县九华山观佛宾馆,hotel,池州市青阳县九华山九华大道大铜像对面,117.7938022,30.4971921,unverified_listing,360,GCJ-02,117.799132,30.494704,https://map.360.cn/?pid=649ee58dd77499a7,公开平台收录，当前营业状态未核实
青阳县合芜宾馆,hotel,池州市青阳县九华山风景区凤形新村18号(九华山消防大队旁),117.792536,30.4856366,unverified_listing,360,GCJ-02,117.797867,30.483147,https://map.360.cn/?pid=412bd29efabacb04,公开平台收录，当前营业状态未核实
青阳县安徽酒店-聚仙楼,hotel,池州市青阳县九华山灯塔新村73号,117.7969987,30.4846087,unverified_listing,360,GCJ-02,117.80232,30.482112,https://map.360.cn/?pid=fe623fa2182f6727,公开平台收录，当前营业状态未核实
青阳县禅云斋客栈,hotel,池州市青阳县九华山风景区九华镇闵园社区上闵园组9号,117.7966183,30.4626123,unverified_listing,360,GCJ-02,117.801939,30.46011,https://map.360.cn/?pid=af23f0c2b491d31b,公开平台收录，当前营业状态未核实
青阳天然居民宿,hotel,池州市青阳县天然居酒店,117.807427,30.4708656,unverified_listing,360,GCJ-02,117.812723,30.468347,https://map.360.cn/?pid=3d627a56baddfd38,公开平台收录，当前营业状态未核实
青阳如愿山庄,hotel,池州市青阳县九华山风景区九华镇白云新村,117.7989341,30.4736132,unverified_listing,360,GCJ-02,117.80425,30.47111,https://map.360.cn/?pid=5c2a4de38464f215,公开平台收录，当前营业状态未核实
青阳心怡山庄,hotel,池州市青阳县九华山风景区灯塔新村103号,117.7971321,30.4849594,unverified_listing,360,GCJ-02,117.802453,30.482463,https://map.360.cn/?pid=ae7b92324e31bb4c,公开平台收录，当前营业状态未核实
青阳继红庄园,hotel,青阳九华山风景区芙蓉路29号,117.7987976,30.4786979,converted_listing,ctrip、360,GCJ-02,117.804115,30.476197,https://hotels.ctrip.com/hotels/11669909.html | https://map.360.cn/?pid=8ddb971d8f6f3689,公开平台收录，当前营业状态未核实
青阳许银亮客栈,hotel,池州市青阳县九华山九华山风景区白马新村127号,117.7980597,30.4839748,unverified_listing,360,GCJ-02,117.803379,30.481476,https://map.360.cn/?pid=f5b1fdcfd8e8a1bd,公开平台收录，当前营业状态未核实
青阳静静山庄,hotel,池州市青阳县九华山风景区灯塔新村140号,117.7966746,30.4851344,unverified_listing,360,GCJ-02,117.801997,30.482638,https://map.360.cn/?pid=039df9d4ce4d6979,公开平台收录，当前营业状态未核实
静园酒家住宿,hotel,池州市青阳县九华山风景区九华镇闵园社区上闵园组9号,117.7961681,30.4625564,unverified_listing,360,GCJ-02,117.801489,30.460055,https://map.360.cn/?pid=c453c46e8391cb9f,公开平台收录，当前营业状态未核实
静幽南·九华山云涧民宿,hotel,青阳九华镇灯塔新村190号,117.7951592,30.4863111,converted_listing,ctrip,GCJ-02,117.800485,30.483818,https://hotels.ctrip.com/hotels/85467080.html,公开平台收录，当前营业状态未核实
风华宾馆,hotel,池州市青阳县九华镇山风景区白马新村195号,117.7943963,30.4812245,unverified_listing,360,GCJ-02,117.799723,30.478731,https://map.360.cn/?pid=2edf3e13ee68f356,公开平台收录，当前营业状态未核实
香樟花园酒店,hotel,池州市青阳县九华镇山风景区内(山上近肉身殿北大门),117.7931227,30.4819179,unverified_listing,360,GCJ-02,117.798453,30.479427,https://map.360.cn/?pid=56f862e409130d53,公开平台收录，当前营业状态未核实
馨会宾馆,hotel,池州市青阳县九华镇灯塔新村11号,117.7857835,30.4789161,unverified_listing,360,GCJ-02,117.791128,30.476435,https://map.360.cn/?pid=5db63f5bc3bc17e9,公开平台收录，当前营业状态未核实
黄石溪熊家小院,hotel,青阳陵阳镇黄石溪村原始岭队24号,117.8355448,30.4668602,converted_listing,ctrip,GCJ-02,117.840769,30.464289,https://hotels.ctrip.com/hotels/73015425.html,公开平台收录，当前营业状态未核实
龙御云居(九华山上),hotel,池州市青阳县九华镇化城路2号附4号,117.7988465,30.4830162,unverified_listing,360,GCJ-02,117.804164,30.480516,https://map.360.cn/?pid=2572ddf827191152,公开平台收录，当前营业状态未核实
龙润山庄,hotel,池州市青阳县九华镇山风景区灯塔新村72号,117.7964682,30.4851289,unverified_listing,360,GCJ-02,117.801791,30.482633,https://map.360.cn/?pid=c319cc70a5459c24,公开平台收录，当前营业状态未核实
一线天,nature,池州市青阳县九华山镇二一九省道九华山风景区天台景区内,117.8197845,30.4678368,multi_source,qunar、360,GCJ-02,117.8250488,30.4652949,https://map.360.cn/?pid=39ed5b7ab5cbfaaa | https://map.360.cn/?pid=dd85de4a56bb8123 | https://touch.travel.qunar.com/poi/8670571,
下闵园,nature,,117.811321,30.482774,mapped,osm、360,WGS84,,,https://www.openstreetmap.org/node/8629905254 | https://map.360.cn/?pid=246f9de4f12f860d | https://m.map.360.cn/,
东崖界石,nature,池州市青阳县九华山镇二一九省道九华山风景区九华街景区内,117.8025589,30.4768287,platform_listing,qunar,GCJ-02,117.807867,30.4743209,https://touch.travel.qunar.com/poi/47290074,
九华山杜鹃景观,nature,池州市青阳县九华街芙蓉路九华山风景区内,117.8280357,30.4847286,platform_listing,qunar,GCJ-02,117.8332802,30.482176,https://touch.travel.qunar.com/poi/47441374,
九华镇,nature,,117.796,30.4808,mapped,osm,WGS84,,,https://www.openstreetmap.org/node/8429160268,
五老峰,nature,池州市青阳县,117.8283129,30.5036222,platform_listing,360,GCJ-02,117.833559,30.501074,https://map.360.cn/?pid=5e2404424eb5f0c0,
人面石,nature,池州市青阳县九华山风景区天台峰东花台景区内,117.8294343,30.4852128,platform_listing,qunar,GCJ-02,117.8346758,30.4826578,https://touch.travel.qunar.com/poi/47502059,
仙人击鼓,nature,池州市青阳县九华镇九华山风景区内天台峰顶天台景区内,117.8176949,30.4677728,platform_listing,qunar,GCJ-02,117.8229645,30.4652345,https://touch.travel.qunar.com/poi/47420627,
仙人指路,nature,池州市青阳县九华山风景区天台峰东花台景区内,117.8257324,30.4796123,platform_listing,qunar,GCJ-02,117.8309829,30.4770626,https://touch.travel.qunar.com/poi/47359648,
仙人晒靴,nature,池州市青阳县九华街芙蓉路九华山风景区内,117.8244109,30.481734,platform_listing,qunar,GCJ-02,117.8296647,30.4791869,https://touch.travel.qunar.com/poi/9599654,
佛佑松,nature,池州市青阳县九华街芙蓉路九华山风景区内,117.825623,30.4795014,platform_listing,qunar,GCJ-02,117.8308738,30.4769515,https://touch.travel.qunar.com/poi/47169864,
佛夜明珠,nature,池州市青阳县九华山镇二一九省道九华山风景区九华街景区闵公禅寺内,117.799772,30.4804238,platform_listing,qunar,GCJ-02,117.805087,30.4779211,https://touch.travel.qunar.com/poi/50442508,
元宝石,nature,池州市青阳县九华山镇二一九省道九华山风景区闵园景区内,117.8058418,30.4762011,platform_listing,qunar,GCJ-02,117.8111417,30.4736867,https://touch.travel.qunar.com/poi/50435345,
凤凰松,nature,,117.8048247,30.471565,mapped,osm、qunar、360,WGS84,,,https://www.openstreetmap.org/node/8629905227 | https://map.360.cn/?pid=5592c898d6154eab | https://touch.travel.qunar.com/poi/716634,
十王峰,nature,,117.818174,30.463426,mapped,osm、qunar,WGS84,,,https://www.openstreetmap.org/node/8629905878 | https://touch.travel.qunar.com/poi/9599639,
台湾松群落景观,nature,池州市青阳县九华街芙蓉路九华山风景区内,117.8269195,30.4816078,platform_listing,qunar,GCJ-02,117.8321673,30.4790566,https://touch.travel.qunar.com/poi/47050904,
吉祥松,nature,池州市青阳县九华山风景区天台峰东花台景区内,117.8293624,30.4850036,multi_source,qunar、360,GCJ-02,117.8346039,30.4824482,https://map.360.cn/?pid=e5fdce58a045272c | https://touch.travel.qunar.com/poi/10025318,
地藏井,nature,池州市青阳县九华山镇二一九省道九华山风景区天台景区内,117.8212801,30.4696519,platform_listing,qunar,GCJ-02,117.8265413,30.4671078,https://touch.travel.qunar.com/poi/24393121,
地藏晒靴,nature,池州市青阳县九华镇,117.8196939,30.4819919,platform_listing,360,GCJ-02,117.82496,30.479454,https://map.360.cn/?pid=a17b6f35d3dcc1c0,
大古峰,nature,,117.8347746,30.4999164,mapped,osm,WGS84,,,https://www.openstreetmap.org/node/9057574198,
大愿石,nature,池州市青阳县九华山风景区天台峰东花台景区内,117.8279388,30.482761,platform_listing,qunar,GCJ-02,117.833184,30.4802082,https://touch.travel.qunar.com/poi/50617214,
大花台峰,nature,,117.8277717,30.4833577,mapped,osm,WGS84,,,https://www.openstreetmap.org/node/8629905597,
大象出林,nature,池州市青阳县陵阳镇,117.823524,30.4763544,multi_source,qunar、360,GCJ-02,117.8287796,30.4738077,https://map.360.cn/?pid=00a7a43dd91b93f1 | https://touch.travel.qunar.com/poi/50581922,
大鹏听经石,nature,池州市青阳县九华镇,117.8188434,30.4670316,multi_source,qunar、360,GCJ-02,117.8241106,30.464491,https://map.360.cn/?pid=9ce611b412154f45 | https://touch.travel.qunar.com/poi/20907136,
天台,nature,,117.8197497,30.4678033,mapped,osm、360、overture,WGS84,,,https://www.openstreetmap.org/node/5236019642 | https://docs.overturemaps.org/guides/places/ | https://map.360.cn/?pid=d4dc254881bd7561,
天台古摩崖石刻,nature,池州市青阳县九华山镇二一九省道九华山风景区天台景区内,117.8195875,30.4666096,platform_listing,qunar,GCJ-02,117.8248525,30.464068,https://touch.travel.qunar.com/poi/47099792,
天池,nature,池州市青阳县九华镇九华山闵园景区龙溪河上游,117.7988142,30.4811758,platform_listing,qunar,GCJ-02,117.8041309,30.4786748,https://touch.travel.qunar.com/poi/10025272,
天然睡佛,nature,,117.82450052110474,30.479599639314696,legacy_estimate,估计,WGS84,,,,
天然睡佛（九华街及周边）,nature,池州市青阳县九华镇,117.8045203,30.4814662,multi_source,qunar、360,GCJ-02,117.8098242,30.4789555,https://map.360.cn/?pid=c6336cf108251a4a | https://touch.travel.qunar.com/poi/47022259,
太白井,nature,,117.7990758,30.4817493,platform_listing,qunar,GCJ-02,117.8043925,30.4792481,https://touch.travel.qunar.com/poi/51763322,
女娲池,nature,池州市青阳县九华山镇二一九省道九华山风景区天台景区内,117.8212592,30.4738629,platform_listing,qunar,GCJ-02,117.8265206,30.47132,https://touch.travel.qunar.com/poi/50594209,
如意石,nature,池州市青阳县九华山风景区天台峰东花台景区内,117.8272707,30.4817106,platform_listing,qunar,GCJ-02,117.8325169,30.479158,https://touch.travel.qunar.com/poi/50499959,
定海神柱,nature,池州市青阳县九华山风景区天台峰东花台景区内,117.8216459,30.4794067,platform_listing,qunar,GCJ-02,117.8269064,30.476864,https://touch.travel.qunar.com/poi/10025320,
定海神针,nature,池州市青阳县陵阳镇,117.8246225,30.4786258,platform_listing,360,GCJ-02,117.829876,30.476078,https://map.360.cn/?pid=17240d6ee2435d18,
小花台,nature,,117.8216663,30.4795309,mapped,osm、qunar,WGS84,,,https://www.openstreetmap.org/node/8629905340 | https://map.360.cn/?pid=4420d95ae71aa99c | https://touch.travel.qunar.com/poi/46207097,
展旗峰,nature,,117.8389972,30.5006138,mapped,osm,WGS84,,,https://www.openstreetmap.org/node/9231600264,
崩塌堆积体(梦幻石谷),nature,池州市青阳县九华山镇二一九省道九华山风景区天台景区内,117.8241618,30.4768007,platform_listing,qunar,GCJ-02,117.829416,30.4742526,https://touch.travel.qunar.com/poi/56861334,
平安松,nature,池州市青阳县九华街芙蓉路九华山风景区内,117.8270727,30.4817628,platform_listing,qunar,GCJ-02,117.8323195,30.4792114,https://touch.travel.qunar.com/poi/47346780,
弥勒峰,nature,,117.8174056,30.4736918,mapped,osm,WGS84,,,https://www.openstreetmap.org/node/9229332220,
怪石擎空,nature,池州市青阳县九华山镇二一九省道九华山风景区天台景区内,117.8156417,30.4692687,platform_listing,qunar,GCJ-02,117.8209166,30.4667348,https://touch.travel.qunar.com/poi/47510295,
打鼓岭,nature,,117.8332091,30.4959379,mapped,osm,WGS84,,,https://www.openstreetmap.org/node/9057569181,
插霄峰,nature,,117.8037502,30.4826965,mapped,osm,WGS84,,,https://www.openstreetmap.org/node/9057600824,
放生池,nature,池州市青阳县九华山镇二一九省道九华山风景区九华街景区化城寺内,117.7972238,30.4805266,multi_source,qunar、360,GCJ-02,117.8025445,30.4780285,https://map.360.cn/?pid=83904a7de5a797e5 | https://touch.travel.qunar.com/poi/24393104,
断层,nature,池州市青阳县九华山镇二一九省道九华山风景区内,117.8064932,30.4733372,platform_listing,qunar,GCJ-02,117.8117914,30.4708215,https://touch.travel.qunar.com/poi/47501159,
棋盘石,nature,池州市青阳县九华镇219省道,117.8011832,30.4913814,platform_listing,360,GCJ-02,117.806496,30.48888,https://map.360.cn/?pid=fe4e0e2cef88e1ed,
海豚石,nature,池州市青阳县九华山镇二一九省道九华山风景区闵园景区内,117.8049372,30.4755302,platform_listing,qunar,GCJ-02,117.81024,30.4730175,https://touch.travel.qunar.com/poi/47464647,
清凉台,nature,,117.8244397,30.4795401,mapped,osm、qunar,WGS84,,,https://www.openstreetmap.org/node/8629905604 | https://touch.travel.qunar.com/poi/47360673,
燕子洞,nature,池州市青阳县九华镇,117.8038158,30.493624,platform_listing,360,GCJ-02,117.809122,30.491118,https://map.360.cn/?pid=39be3cf37b48fc34,
犀牛望月,nature,池州市青阳县九华镇,117.8181149,30.4781244,platform_listing,360,GCJ-02,117.823385,30.475588,https://map.360.cn/?pid=d27f5ca6a1d2904e,
狮子峰,nature,池州市青阳县,117.8167611,30.470385,multi_source,qunar、360,GCJ-02,117.8220335,30.4678498,https://map.360.cn/?pid=1251638a52b00cce | https://touch.travel.qunar.com/poi/10025306,
球形风化造型石(钻山神鼠),nature,池州市青阳县九华镇九华山风景区内天台峰顶天台景区内,117.8224244,30.4733363,platform_listing,qunar,GCJ-02,117.8276825,30.4707907,https://touch.travel.qunar.com/poi/47407880,
生态茶园（花台景区）,nature,安徽省池州市青阳县九华镇九华街九华山风景区,117.8006673,30.5033012,platform_listing,qunar,GCJ-02,117.8059819,30.5008037,https://touch.travel.qunar.com/poi/56903097,
生态茶园（进山公路/入口区）,nature,池州市青阳县九华镇,117.7999857,30.4945446,platform_listing,360,GCJ-02,117.805301,30.492046,https://map.360.cn/?pid=cb79aab4676fdf10,
百岁宫-放生池,nature,池州市青阳县九华山镇219省道九华山风景区摩空岭百岁宫内,117.8037949,30.483275,platform_listing,qunar,GCJ-02,117.809101,30.4807663,https://touch.travel.qunar.com/poi/57098984,
百岁宫-百岁泉,nature,池州市青阳县九华山镇219省道九华山风景区摩空岭百岁宫内,117.8037491,30.4831037,platform_listing,qunar,GCJ-02,117.8090549,30.4805952,https://touch.travel.qunar.com/poi/47186792,
睡佛观景台,nature,,117.8041055,30.4814815,platform_listing,qunar,GCJ-02,117.80941,30.4789719,https://touch.travel.qunar.com/poi/45982942,
碧螺峰,nature,,117.830446,30.5061103,mapped,osm,WGS84,,,https://www.openstreetmap.org/node/9231665366,
神光岭,nature,安徽省池州市青阳县九华山,117.8143098,30.4822741,platform_listing,qunar,GCJ-02,117.81959,30.479746,https://touch.travel.qunar.com/poi/23343858,
纱帽峰,nature,,117.815711,30.470494,mapped,osm、qunar,WGS84,,,https://www.openstreetmap.org/node/9057561705 | https://touch.travel.qunar.com/poi/47550137,
细叶青冈群,nature,池州市青阳县九华山镇二一九省道九华山风景区九华街景区内,117.7994281,30.4797592,platform_listing,qunar,GCJ-02,117.8047441,30.4772574,https://touch.travel.qunar.com/poi/50538596,
绮霞峰,nature,池州市青阳县,117.8223244,30.4862335,platform_listing,360,GCJ-02,117.827584,30.483692,https://map.360.cn/?pid=2fa57381a6c634af,
罗汉墩,nature,,117.8216885,30.4697673,mapped,osm、qunar、360,WGS84,,,https://www.openstreetmap.org/node/9057583954 | https://map.360.cn/?pid=588f0998cd7bad02 | https://touch.travel.qunar.com/poi/47389794,
罗汉峰,nature,,117.8224429,30.4719503,mapped,osm,WGS84,,,https://www.openstreetmap.org/node/9057583955,
节理与植物生长,nature,池州市青阳县九华街芙蓉路九华山风景区内,117.8252582,30.4837024,platform_listing,qunar,GCJ-02,117.8305097,30.4811546,https://touch.travel.qunar.com/poi/47112336,
芙蓉峰,nature,,117.7934254,30.470252,mapped,osm,WGS84,,,https://www.openstreetmap.org/node/9231395112 | https://map.360.cn/?pid=9e6c29b23ade7d05,
花台四季景观,nature,池州市青阳县九华街芙蓉路九华山风景区内,117.8255594,30.4793616,platform_listing,qunar,GCJ-02,117.8308108,30.4768121,https://touch.travel.qunar.com/poi/47059053,
花台正顶,nature,,117.8274677,30.4835726,platform_listing,qunar,GCJ-02,117.8327144,30.4810201,https://touch.travel.qunar.com/poi/47391731,
花台高空栈道,nature,,117.82699973944763,30.482500450856627,legacy_estimate,估计,WGS84,,,,
花岗岩造型石(平衡石),nature,池州市青阳县九华街芙蓉路九华山风景区内,117.8293791,30.4851434,platform_listing,qunar,GCJ-02,117.8346208,30.4825881,https://touch.travel.qunar.com/poi/47375148,
莲台峰,nature,,117.8246623,30.4739322,mapped,osm、qunar、360,WGS84,,,https://www.openstreetmap.org/node/8629905580 | https://map.360.cn/?pid=78d0cf1747b0cd5e | https://touch.travel.qunar.com/poi/47359111,
莲花峰,nature,池州市青阳县,117.8184588,30.4700081,platform_listing,360,GCJ-02,117.823727,30.467469,https://map.360.cn/?pid=24bdfde0f0f739e8,
莲花池,nature,池州市青阳县九华山镇二一九省道九华山风景区九华街景区内,117.7990779,30.4823228,unverified_listing,qunar,GCJ-02,117.804395,30.4798218,https://touch.travel.qunar.com/poi/47172231,
蜡烛峰,nature,,117.815438,30.4678494,mapped,osm、qunar,WGS84,,,https://www.openstreetmap.org/node/9229332219 | https://touch.travel.qunar.com/poi/47153308,
观瀑台,nature,池州市青阳县九华镇,117.8017314,30.4971894,platform_listing,360,GCJ-02,117.807043,30.494688,https://map.360.cn/?pid=77c82b06ca4d6918,
观音峰,nature,,117.81099973944762,30.468999999999998,legacy_estimate,估计,WGS84,,,,
观音泉,nature,池州市青阳县九华山镇二一九省道九华山风景区天台景区内,117.8173312,30.467927,platform_listing,qunar,GCJ-02,117.8226016,30.4653899,https://touch.travel.qunar.com/poi/47494229,
认识台湾松,nature,池州市青阳县九华街芙蓉路九华山风景区内,117.825401,30.4839973,platform_listing,qunar,GCJ-02,117.8306527,30.4814492,https://touch.travel.qunar.com/poi/47086423,
许愿树,nature,池州市青阳县九华镇九华山风景区内天台峰顶天台景区内,117.8197366,30.4677683,multi_source,qunar、360,GCJ-02,117.8250017,30.4652265,https://map.360.cn/?pid=dd28fc3640b0dd34 | https://touch.travel.qunar.com/poi/47533748,
象形石(步步高),nature,池州市青阳县九华镇九华山风景区内天台峰顶天台景区内,117.8228017,30.4742399,platform_listing,qunar,GCJ-02,117.8280588,30.4716943,https://touch.travel.qunar.com/poi/47102431,
赭云峰,nature,,117.8152372,30.49523,mapped,osm,WGS84,,,https://www.openstreetmap.org/node/9231427374,
迎客松,nature,池州市青阳县九华镇,117.8054416,30.474688,platform_listing,360,GCJ-02,117.810743,30.472174,https://map.360.cn/?pid=054cc2ac9f0de342,
金沙泉,nature,池州市青阳县九华镇,117.7938064,30.4784518,multi_source,qunar、360,GCJ-02,117.7991342,30.4759588,https://map.360.cn/?pid=b0675d9df8481cd8 | https://touch.travel.qunar.com/poi/47470828,
金龟朝北斗,nature,池州市青阳县九华镇,117.8182473,30.4667971,multi_source,qunar、360,GCJ-02,117.8235156,30.464258,https://map.360.cn/?pid=1ff55a6cb539c858 | https://touch.travel.qunar.com/poi/47563900,
钵盂峰,nature,,117.8100031,30.4611329,mapped,osm、360,WGS84,,,https://www.openstreetmap.org/node/9057569184 | https://map.360.cn/?pid=91a74576ff7bb5f7,
银杏树,nature,池州市青阳县九华山镇二一九省道九华山风景区内,117.7990029,30.4817421,unverified_listing,qunar,GCJ-02,117.8043192,30.4792413,https://touch.travel.qunar.com/poi/47151835,
闵公井,nature,池州市青阳县九华山镇二一九省道九华山风景区闵园景区内,117.803327,30.4720595,platform_listing,qunar,GCJ-02,117.8086325,30.469549,https://touch.travel.qunar.com/poi/35646063,
闵园,nature,,117.8066379,30.4708136,mapped,osm,WGS84,,,https://www.openstreetmap.org/node/8629905229 | https://m.map.360.cn/,
闵园竹海,nature,池州市青阳县九华镇,117.8062306,30.4725654,multi_source,qunar、360,GCJ-02,117.8115298,30.4700495,https://map.360.cn/?pid=49bd1309a247036d | https://touch.travel.qunar.com/poi/47295867,
雷劈石,nature,池州市青阳县九华乡,117.8184693,30.5055032,platform_listing,360,GCJ-02,117.823741,30.502974,https://map.360.cn/?pid=a16afd72bd6eea10,
风化壳,nature,池州市青阳县九华街芙蓉路九华山风景区内,117.8255198,30.4830938,platform_listing,qunar,GCJ-02,117.8307709,30.4805454,https://touch.travel.qunar.com/poi/47216410,
飞人瀑,nature,池州市青阳县九华山镇二一九省道九华山风景区闵园景区内,117.800536,30.4673697,platform_listing,qunar,GCJ-02,117.8058482,30.4648627,https://touch.travel.qunar.com/poi/47474579,
飞来峰,nature,,117.8249158,30.4752822,mapped,osm、360,WGS84,,,https://www.openstreetmap.org/node/9229332534 | https://map.360.cn/?pid=5d24f3805f71cb88,
飞来观音峰,nature,,117.8037501,30.4820848,platform_listing,qunar,GCJ-02,117.809056,30.4795759,https://touch.travel.qunar.com/poi/19972168 | https://touch.travel.qunar.com/poi/8667928,
马头石,nature,池州市青阳县九华山镇二一九省道九华山风景区天台景区内,117.8237116,30.4767331,platform_listing,qunar,GCJ-02,117.8289669,30.4741861,https://touch.travel.qunar.com/poi/47260582,
龙池峡谷,nature,,117.8083945,30.4882614,mapped,osm,WGS84,,,https://www.openstreetmap.org/node/9231699716,
龙池瀑布,nature,池州市青阳县九华山镇二一九省道九华山风景区内,117.7999544,30.4957962,multi_source,qunar、360,GCJ-02,117.8052704,30.4932978,https://map.360.cn/?pid=b8a277b6e9877cc4 | https://touch.travel.qunar.com/poi/718641,
龙泉井,nature,安徽省池州市青阳县风景区九华街景区内,117.7984067,30.4803372,platform_listing,qunar,GCJ-02,117.8037249,30.4778372,https://touch.travel.qunar.com/poi/56853638,
龙泉桥,nature,池州市青阳县九华山镇二一九省道九华山风景区九华街景区内,117.7983525,30.4804608,platform_listing,qunar,GCJ-02,117.8036706,30.4779611,https://touch.travel.qunar.com/poi/47433781,
龙溪叠水瀑布群,nature,池州市青阳县九华山镇二一九省道九华山风景区闵园景区内,117.8071477,30.4779315,platform_listing,qunar,GCJ-02,117.8124452,30.4754153,https://touch.travel.qunar.com/poi/47383235,
龙溪巨石阵,nature,池州市青阳县九华山镇二一九省道九华山风景区闵园景区内,117.8067288,30.477128,platform_listing,qunar,GCJ-02,117.812027,30.4746122,https://touch.travel.qunar.com/poi/47503360,
龙溪河,nature,池州市青阳县九华山镇二一九省道九华山风景区闵园景区内,117.8066506,30.4773959,platform_listing,qunar,GCJ-02,117.8119493,30.4748806,https://touch.travel.qunar.com/poi/47463168,
东崖宾馆南门,service,池州市青阳县九华镇化城路,117.7985974,30.4809252,platform_listing,360,GCJ-02,117.803915,30.478425,https://map.360.cn/?pid=a42157e999ced01f,
中国农业银行(九华山支行),service,池州市青阳县九华镇山风景区白马新村190号,117.794241,30.4815032,unverified_listing,360,GCJ-02,117.799568,30.47901,https://map.360.cn/?pid=43674bb96db1292f,
中国农业银行24小时自助银行(九华山支行),service,池州市青阳县九华镇山风景区白马新村190号,117.7940941,30.4816393,unverified_listing,360,GCJ-02,117.799422,30.479146,https://map.360.cn/?pid=b31db29363c8c484,
中国工商银行(九华山景区支行),service,池州市青阳县九华镇山风景区化城路57号,117.7983119,30.4817827,platform_listing,360,GCJ-02,117.80363,30.479283,https://map.360.cn/?pid=4c0b7b8f270024bb,
中国建设银行(九华山支行),service,池州市青阳县化城路35号,117.7973593,30.4809784,platform_listing,360,GCJ-02,117.80268,30.47848,https://map.360.cn/?pid=c3cc48fc92f796bc,
中国电信(九华山营业厅),service,池州市青阳县九华山镇二一九省道九华山风景区九华街景区内,117.7971957,30.4800514,platform_listing,360,GCJ-02,117.802516,30.477553,https://map.360.cn/?pid=d0611bd5aca7fb43,
中国移动（卫生院附近）,service,池州市青阳县九华镇九华山风景区九华镇卫生院附近,117.793056,30.4826682,platform_listing,360,GCJ-02,117.798386,30.480177,https://map.360.cn/?pid=c26aa5f31c94109d,
中国移动（只民社区）,service,池州市青阳县九华镇只民社区,117.7900545,30.485679,platform_listing,360,GCJ-02,117.795391,30.483193,https://map.360.cn/?pid=b7fcd1ae1446faf8,
中国联通(九华营业厅),service,池州市青阳县九华镇九华山风景区九华镇卫生院附近,117.7928893,30.4823877,platform_listing,360,GCJ-02,117.79822,30.479897,https://map.360.cn/?pid=8bbbeeec86f83d84,
中国邮政储蓄银行(池州市九华山营业所),service,池州市青阳县化城路58号,117.7973801,30.4800784,platform_listing,360,GCJ-02,117.8027,30.47758,https://map.360.cn/?pid=acd4c55220421261,
九华供电营业厅,service,池州市青阳县九华镇219省道,117.7908997,30.4839486,platform_listing,360,GCJ-02,117.796234,30.481461,https://map.360.cn/?pid=612ea64912610dec,
九华圣境摄影,service,池州市青阳县九华山风景区九华镇化成路89号,117.7958002,30.480101,platform_listing,360,GCJ-02,117.801124,30.477605,https://map.360.cn/?pid=4b77fcad6104778b,
九华山佛学院,service,池州市青阳县九华镇219省道,117.7967142,30.4973463,unverified_listing,360,GCJ-02,117.802037,30.494854,https://map.360.cn/?pid=d8a4c0f65bfe544c,
九华山佛教协会,service,池州市青阳县化城路7号,117.7988643,30.4806519,platform_listing,360,GCJ-02,117.804181,30.478151,https://map.360.cn/?pid=48215156baa38a7f,
九华山医院,service,,117.79529989577905,30.478500450856625,legacy_estimate,估计,WGS84,,,,
九华山大药房,service,池州市青阳县龙池路九华山景区,117.7974896,30.4830361,platform_listing,360,GCJ-02,117.80281,30.480538,https://map.360.cn/?pid=48fe47d3b4a830ce,
九华山聚龙大酒店-停车场,service,池州市青阳县九华镇化城路2号,117.7994062,30.4823904,multi_source,osm、360,WGS84,117.799406,30.48239,https://map.360.cn/?pid=15dfd235819c17c0 | https://www.openstreetmap.org/way/609990019 | https://m.map.360.cn/,
九华山聚龙大酒店东门,service,池州市青阳县九华镇219省道,117.7989747,30.4829504,platform_listing,360,GCJ-02,117.804292,30.48045,https://map.360.cn/?pid=84ff32a403063744,
九华山风景区公安局交通警察大队九华中队,service,池州市青阳县风景区九华街景区内,117.7950143,30.4857628,platform_listing,360,GCJ-02,117.80034,30.48327,https://map.360.cn/?pid=b45ea100d30eb16a,
九华山风景区公安局旅游警务大队,service,池州市青阳县九华街芙蓉路九华山风景区内,117.7948236,30.4854932,platform_listing,360,GCJ-02,117.80015,30.483,https://map.360.cn/?pid=447774ea64b333fa,
九华山风景区公安局闵园派出所,service,池州市青阳县九华山镇二一九省道九华山风景区内,117.7948236,30.4854932,platform_listing,360,GCJ-02,117.80015,30.483,https://map.360.cn/?pid=c181f6352b4de13b,
九华山风景区迦境摄影店旅拍店,service,池州市青阳县九华山风景区九华镇芙蓉路白马新村2号,117.7950185,30.4804977,platform_listing,360,GCJ-02,117.800344,30.478003,https://map.360.cn/?pid=74b829acb8177ac2,
九华街,service,池州市青阳县九华山化城路13号,117.797426,30.4799693,platform_listing,360,GCJ-02,117.802746,30.477471,https://m.map.360.cn/,
九华镇人民政府,service,池州市青阳县九华镇九华山金凤凰宾馆附近,117.7949758,30.47978,platform_listing,360,GCJ-02,117.800301,30.477285,https://map.360.cn/?pid=cb34a887347ed004,
九华镇卫生院,service,池州市青阳县九华镇九华山佛国缘宾馆附近,117.792735,30.4825095,platform_listing,360地图,GCJ-02,117.798066,30.480019,https://map.360.cn/?pid=c3919472a71ec50f,
九华镇圆缘小学,service,池州市青阳县九华镇中心小学附近,117.7868392,30.4850803,platform_listing,360,GCJ-02,117.792182,30.482599,https://map.360.cn/?pid=a8d072cd213e0e8c,
九华镇派出所,service,池州市青阳县九华镇金环酒店附近,117.7958168,30.4829252,platform_listing,360,GCJ-02,117.801141,30.48043,https://map.360.cn/?pid=74f3c261543d0506,
九华镇祗民社区居民委员会,service,池州市青阳县九华镇219省道,117.7910175,30.4842543,platform_listing,360,GCJ-02,117.796352,30.481767,https://map.360.cn/?pid=958e0e82897b7a67,
九华镇闵园社区居民委员会,service,池州市青阳县九华镇范围内,117.8059627,30.4715582,unverified_listing,360,GCJ-02,117.811262,30.469043,https://map.360.cn/?pid=5a0fe2ee14d557cf,
佛山大药房,service,池州市青阳县九华镇九华山金凤凰宾馆附近,117.794834,30.4801812,platform_listing,360,GCJ-02,117.80016,30.477687,https://map.360.cn/?pid=623521351bd337cc,
停车场（九华街（镇区））,service,,117.7969997,30.4787809,platform_listing,osm,WGS84,117.796999,30.478781,https://www.openstreetmap.org/way/609892492,
停车场（九华街（镇区）） 2,service,,117.7963723,30.47822,platform_listing,osm,WGS84,117.796373,30.47822,https://www.openstreetmap.org/way/609909570,
停车场（九华街（镇区）） 3,service,,117.7907673,30.4834698,platform_listing,osm,WGS84,117.790767,30.48347,https://www.openstreetmap.org/way/609946480 | https://www.openstreetmap.org/way/609946481,
停车场（九华街（镇区）） 4,service,,117.7993843,30.4818909,platform_listing,osm,WGS84,117.799384,30.481891,https://www.openstreetmap.org/way/609990020,
停车场（花台客运站附近）,service,池州市青阳县九华山花台客运站附近,117.8060941,30.5037466,platform_listing,360,GCJ-02,117.811396,30.50124,https://map.360.cn/?pid=6c62c2880a28bada | https://m.map.360.cn/,
停车场（闵园-凤凰松）,service,,117.8022358,30.4689062,platform_listing,osm,WGS84,117.802236,30.468906,https://www.openstreetmap.org/way/609775851,
公共厕所(AH-CIZ-0666),service,池州市青阳县九华镇游华旅社附近,117.7947642,30.4804644,platform_listing,360,GCJ-02,117.80009,30.47797,https://map.360.cn/?pid=88d3beaebfd838ca,
公厕（219省道）,service,池州市青阳县九华镇219省道,117.8042598,30.4705275,platform_listing,360,GCJ-02,117.809563,30.468015,https://map.360.cn/?pid=fbde0c15936afa89,
公厕（东崖宾馆附近）,service,池州市青阳县九华镇九华山东崖宾馆附近,117.7976959,30.4800189,platform_listing,360,GCJ-02,117.803015,30.47752,https://map.360.cn/?pid=e7d1a31739568099,
准提庵停车场,service,池州市青阳县龙池路九华山景区,117.7900347,30.4739062,platform_listing,360,GCJ-02,117.79537,30.471417,https://map.360.cn/?pid=73adc6a4ea4214ec | https://m.map.360.cn/,
凤凰松游客服务分中心,service,池州市青阳县九华山镇219省道九华山风景区闵园景区内,117.8026527,30.4690604,platform_listing,360,GCJ-02,117.80796,30.46655,https://map.360.cn/?pid=217fced3a68d8e5e | https://m.map.360.cn/,
南山汽车修理,service,池州市青阳县九华镇219省道,117.7908955,30.4838674,platform_listing,360,GCJ-02,117.79623,30.48138,https://map.360.cn/?pid=b83cef0ffe1338f8,
售票处,service,池州市青阳县九华镇东南方向40米,117.7994948,30.4816014,platform_listing,360,GCJ-02,117.80481,30.4791,https://map.360.cn/?pid=a5688bbdd514c229 | https://m.map.360.cn/,
国家电网池州九华山供电营业厅,service,池州市青阳县九华街芙蓉路九华山风景区内,117.7910352,30.4838368,platform_listing,360,GCJ-02,117.79637,30.481349,https://map.360.cn/?pid=c422dbaabd6338dc,
地矿缘宝玉石有限公司,service,池州市青阳县九华镇轻工宾馆附近,117.7989445,30.4801767,platform_listing,360,GCJ-02,117.804261,30.477676,https://map.360.cn/?pid=84e0548c6a1b04c6,
天天玄采养生会所,service,池州市青阳县九华镇九莲苑宾馆附近,117.795228,30.4793625,platform_listing,360,GCJ-02,117.800553,30.476867,https://map.360.cn/?pid=5e9237bcf1f1522c,
安徽九华山旅游发展股份有限公司缆车分公司,service,池州市青阳县芙蓉路8号,117.7992791,30.4816682,platform_listing,360,GCJ-02,117.804595,30.479167,https://map.360.cn/?pid=29fd92c2c48c818f,
安徽省九华山古典园林建设有限责任公司,service,池州市青阳县九华镇九华山金凤凰宾馆附近,117.7939617,30.4817304,platform_listing,360,GCJ-02,117.79929,30.479238,https://map.360.cn/?pid=266271aaa17e463f,
安徽省九华山建设工程有限公司,service,池州市青阳县九华镇九华山金凤凰宾馆附近,117.7939617,30.4817304,platform_listing,360,GCJ-02,117.79929,30.479238,https://map.360.cn/?pid=f3585a981d283f26,
安徽省九华山旅游实业有限公司(佛茶分公司),service,池州市青阳县S219,117.7901733,30.4853354,platform_listing,360,GCJ-02,117.79551,30.48285,https://map.360.cn/?pid=650abf5c6c3478e1,
工会驿站中国邮政(九华山邮政分局),service,池州市青阳县芙蓉路37号,117.7974396,30.4799693,platform_listing,360,GCJ-02,117.80276,30.477471,https://map.360.cn/?pid=7435cece52734f20,
月亮湾市场,service,池州市青阳县九华镇正南方向80米,117.7984046,30.4801569,platform_listing,360,GCJ-02,117.803723,30.477657,https://map.360.cn/?pid=e0cf01e5f2f5b078 | https://m.map.360.cn/,
月身宝殿停车场,service,池州市青阳县龙池路九华山景区,117.7908413,30.4789729,platform_listing,360,GCJ-02,117.796176,30.476484,https://map.360.cn/?pid=6fcf6568e048bba0 | https://m.map.360.cn/,
池州九华山华园园林绿化工程有限公司,service,池州市青阳县九华镇九华山金凤凰宾馆附近,117.7939617,30.4817304,platform_listing,360,GCJ-02,117.79929,30.479238,https://map.360.cn/?pid=1c967b6e0a16f1dc,
洗手亭（大慈藏寺附近）,service,池州市青阳县九华镇大慈藏寺附近,117.7918471,30.4757601,platform_listing,360,GCJ-02,117.797179,30.473269,https://map.360.cn/?pid=475e2da35a15d7a5,
精丹藏药堂,service,池州市青阳县九华镇(九华山风景区),117.7990029,30.4818909,platform_listing,360,GCJ-02,117.80432,30.47939,https://map.360.cn/?pid=fe03ec485cd71352,
索道售票处,service,池州市青阳县九华山风景区内(天台景区),117.8026527,30.4690604,platform_listing,360,GCJ-02,117.80796,30.46655,https://map.360.cn/?pid=225e467b3908f526 | https://m.map.360.cn/,
董氏养生馆,service,池州市青阳县九华山风景区肉身宝殿北门对面云溪月畔民宿二楼,117.7935094,30.4819937,platform_listing,360,GCJ-02,117.798838,30.479502,https://map.360.cn/?pid=5ed4ab929606efe5,
迎仙桥游客服务分中心,service,池州市青阳县S228九华山景区,117.7992061,30.4844265,platform_listing,360,GCJ-02,117.804523,30.481926,https://map.360.cn/?pid=0ca57409b1ccd4a9 | https://m.map.360.cn/ | https://www.jiuhuashan.gov.cn/Content/show/773634.html,
雪梅幼儿园,service,池州市青阳县九华镇只民社区居委会附近,117.7898262,30.4852335,platform_listing,360,GCJ-02,117.795163,30.482748,https://map.360.cn/?pid=01b5bb1fa518d8b7,
青阳农村商业银行(九华支行),service,池州市青阳县九华镇219省道,117.79639,30.4841749,platform_listing,360,GCJ-02,117.801713,30.481679,https://map.360.cn/?pid=2281063fca5986ce,
顺丰速运(池州青阳九华镇店),service,池州市青阳县九华山风景区白云居民点,117.7872582,30.4848025,platform_listing,360,GCJ-02,117.7926,30.482321,https://map.360.cn/?pid=b52df41b809003c4,
中国体育彩票,shop,池州市青阳县九华山风景区白马新村86-3号,117.7929872,30.4822137,platform_listing,360,GCJ-02,117.798317,30.479723,https://map.360.cn/?pid=03368e8c28d65007,公开平台收录，当前营业状态未核实
中国体育彩票(九华山风景区店),shop,池州市青阳县九华山风景区九华镇化城路58号,117.7973864,30.48,platform_listing,360,GCJ-02,117.802707,30.477501,https://map.360.cn/?pid=ceb854d8d3417c6e,公开平台收录，当前营业状态未核实
中国体育彩票(龙池路店),shop,池州市青阳县九华登山道区域内(南侧),117.7919961,30.4854509,platform_listing,360,GCJ-02,117.797329,30.482962,https://map.360.cn/?pid=9d3438db61880212,公开平台收录，当前营业状态未核实
九华山三姐妹超市(芙蓉路店),shop,池州市青阳县九华镇芙蓉路,117.7994333,30.4808088,platform_listing,360,GCJ-02,117.804749,30.478307,https://map.360.cn/?pid=ddd8d13b9da754d8,公开平台收录，当前营业状态未核实
九华山供销社综合商店,shop,池州市青阳县九华山风景区化城路24号,117.7982921,30.48045,platform_listing,360,GCJ-02,117.80361,30.47795,https://map.360.cn/?pid=13462f12de13ec52,公开平台收录，当前营业状态未核实
九华山农贸市场,shop,池州市青阳县九华镇九华山百岁山庄酒店附近,117.7901097,30.4848548,platform_listing,360,GCJ-02,117.795446,30.482369,https://map.360.cn/?pid=d284e50cbf2bedff,公开平台收录，当前营业状态未核实
九华山布鞋,shop,池州市青阳县219省道,117.7972301,30.483275,platform_listing,360,GCJ-02,117.802551,30.480778,https://map.360.cn/?pid=1c51c454cd31b713,公开平台收录，当前营业状态未核实
九华山群洁超市,shop,池州市青阳县九华镇龙池路,117.7909393,30.4836348,platform_listing,360,GCJ-02,117.796274,30.481147,https://map.360.cn/?pid=6770148887a5759d,公开平台收录，当前营业状态未核实
九华黄精糕坊,shop,池州市青阳县化城路与芙蓉路交叉口西南140米,117.7979815,30.4801298,platform_listing,360,GCJ-02,117.8033,30.47763,https://map.360.cn/?pid=fdeb1e0bcd759247,公开平台收录，当前营业状态未核实
九宾超市,shop,池州市青阳县九华镇芙蓉路中国农业银行九华山支行西北侧约90米,117.7933624,30.4821298,platform_listing,360,GCJ-02,117.798692,30.479638,https://map.360.cn/?pid=034e24f5b5d66ce4,公开平台收录，当前营业状态未核实
九远堂·十二生肖,shop,池州市青阳县九华镇芙蓉路九华山景区,117.7950518,30.479982,platform_listing,360,GCJ-02,117.800377,30.477487,https://map.360.cn/?pid=421b0589c846cde6,公开平台收录，当前营业状态未核实
佛光商店,shop,池州市青阳县九华镇山风景区芙蓉路71号,117.7948934,30.4800803,platform_listing,360,GCJ-02,117.800219,30.477586,https://map.360.cn/?pid=8c959ca962d1942b,公开平台收录，当前营业状态未核实
佛灵阁,shop,池州市青阳县九华山风景区化城路90号,117.795746,30.4801163,platform_listing,360,GCJ-02,117.80107,30.47762,https://map.360.cn/?pid=0b3118af37b4b241,公开平台收录，当前营业状态未核实
供销土特产总批发,shop,池州市青阳县九华山镇二一九省道九华山风景区九华街景区内,117.7985724,30.4805401,platform_listing,360,GCJ-02,117.80389,30.47804,https://map.360.cn/?pid=c221829309329e29,公开平台收录，当前营业状态未核实
又一村土特产批发部(九华山庄东),shop,池州市青阳县219省道西50米,117.7966277,30.4844662,platform_listing,360,GCJ-02,117.80195,30.48197,https://map.360.cn/?pid=5614b34b6f9b8953,公开平台收录，当前营业状态未核实
吉兴超市,shop,池州市青阳县九华镇219省道,117.7962264,30.4847872,platform_listing,360,GCJ-02,117.80155,30.482292,https://map.360.cn/?pid=a261f840126aa6c5,公开平台收录，当前营业状态未核实
善缘阁(芙蓉路店),shop,池州市青阳县九华镇九华山金凤凰宾馆附近,117.7952322,30.4803733,platform_listing,360,GCJ-02,117.800557,30.477878,https://map.360.cn/?pid=1e74738b0763999e,公开平台收录，当前营业状态未核实
喜悦家民宿特产批发,shop,池州市青阳县莲花大道与228省道交叉口西220米,117.7968528,30.4836718,platform_listing,360,GCJ-02,117.802175,30.481175,https://map.360.cn/?pid=2bc271eaf41f8293,公开平台收录，当前营业状态未核实
土特产便利店,shop,池州市青阳县九华镇龙池路九华山景区,117.7934218,30.4850316,platform_listing,360,GCJ-02,117.798751,30.482541,https://map.360.cn/?pid=49b1d824fd52b912,公开平台收录，当前营业状态未核实
大九华佛学艺术馆,shop,池州市青阳县九华镇九华山风景区金凤凰宾馆,117.7948538,30.4809739,platform_listing,360,GCJ-02,117.80018,30.47848,https://map.360.cn/?pid=574a51421117225d,公开平台收录，当前营业状态未核实
大明批发部(九华山庄东南),shop,池州市青阳县九华山镇219省道九华山风景区九华街景区内,117.7965578,30.4837962,platform_listing,360,GCJ-02,117.80188,30.4813,https://map.360.cn/?pid=7eb8286e62b37d98,公开平台收录，当前营业状态未核实
天工坊,shop,池州市青阳县九华镇219省道,117.7965797,30.4833354,platform_listing,360,GCJ-02,117.801902,30.480839,https://map.360.cn/?pid=5e5717a7d0d93907,公开平台收录，当前营业状态未核实
好又多(芙蓉路店),shop,池州市青阳县九华镇九华山金凤凰宾馆附近,117.7947256,30.4811614,platform_listing,360,GCJ-02,117.800052,30.478667,https://map.360.cn/?pid=7cbb5a36505e91ae,公开平台收录，当前营业状态未核实
宝珠超市,shop,池州市青阳县九华镇219省道青阳灯塔新村130号附近,117.7964943,30.484633,platform_listing,360,GCJ-02,117.801817,30.482137,https://map.360.cn/?pid=af31ca7cc78107db,公开平台收录，当前营业状态未核实
小卖部,shop,,117.8036417,30.4795825,converted_listing,ctrip,BD-09,117.81545,30.483053,https://gs.ctrip.com/html5/you/shops/182/3463678.html,公开平台收录，当前营业状态未核实
山河集黄金艺术馆-九华山名店,shop,池州市青阳县九华山风景区电影市场一楼北侧山河集,117.7947183,30.4807394,platform_listing,360,GCJ-02,117.800045,30.478245,https://map.360.cn/?pid=2f617ba51671eab1,公开平台收录，当前营业状态未核实
彩虹阁,shop,池州市青阳县九华镇轻工宾馆附近,117.7982431,30.4801028,platform_listing,360,GCJ-02,117.803561,30.477603,https://map.360.cn/?pid=5cfe7d38c468d82e,公开平台收录，当前营业状态未核实
徽源特产批发,shop,安徽省池州市青阳县九华镇化城路59号,117.7970602,30.4801867,converted_listing,ctrip,BD-09,117.808914,30.483551,https://gs.ctrip.com/html5/you/shops/182/1356594.html,公开平台收录，当前营业状态未核实
旺惠超市,shop,池州市青阳县九华镇九华山风景区九华镇卫生院附近,117.792809,30.4822759,platform_listing,360,GCJ-02,117.79814,30.479785,https://map.360.cn/?pid=4c43119419093cef,公开平台收录，当前营业状态未核实
木之缘,shop,池州市青阳县芙蓉路与龙池路交叉路口往南约50米(九华山景区),117.7938314,30.4817926,platform_listing,360,GCJ-02,117.79916,30.4793,https://map.360.cn/?pid=944d125f28ff3f17,公开平台收录，当前营业状态未核实
格桑梵银,shop,九华老街电影院市场一楼月身宝殿南门旁,117.7948309,30.4804824,converted_listing,ctrip,BD-09,117.8067,30.483814,https://gs.ctrip.com/html5/you/shops/182/1915346.html,公开平台收录，当前营业状态未核实
沪丰便利店,shop,池州市青阳县范围内,117.7923369,30.4839739,platform_listing,360,GCJ-02,117.797669,30.481484,https://map.360.cn/?pid=c7458e7bfc5b682d,公开平台收录，当前营业状态未核实
沪丰超市,shop,池州市青阳县九华镇人民政府附近,117.7951686,30.4796763,platform_listing,360,GCJ-02,117.800494,30.477181,https://map.360.cn/?pid=8c7ed71cf018a2d3,公开平台收录，当前营业状态未核实
灯塔超市,shop,池州市青阳县九华镇219省道,117.7949674,30.4850739,platform_listing,360,GCJ-02,117.800293,30.482581,https://map.360.cn/?pid=f5f3d8ae0f121bd7,公开平台收录，当前营业状态未核实
照本堂(九华街店),shop,池州市青阳县二一九省道九华山风景区内,117.7953708,30.4797358,platform_listing,360,GCJ-02,117.800695,30.47724,https://map.360.cn/?pid=ad8826c0609c50a0,公开平台收录，当前营业状态未核实
玥织集合店(九华山风景区旗舰店),shop,池州市青阳县九华镇化城路95号,117.7955636,30.4802967,platform_listing,360,GCJ-02,117.800888,30.477801,https://map.360.cn/?pid=1ad39adee6bb68d0,公开平台收录，当前营业状态未核实
群山超市,shop,池州市青阳县九华镇九华山风景区九华镇卫生院附近,117.7923557,30.4826907,platform_listing,360,GCJ-02,117.797687,30.480201,https://map.360.cn/?pid=426ef62fb5c5524f,公开平台收录，当前营业状态未核实
老汪香庄,shop,池州市青阳县九华镇219省道,117.789599,30.4814373,platform_listing,360,GCJ-02,117.794936,30.478951,https://map.360.cn/?pid=882e122093f648f4,公开平台收录，当前营业状态未核实
胡记特产专卖店,shop,池州市青阳县九华镇东北方向70米,117.7956824,30.4801262,platform_listing,360,GCJ-02,117.801006,30.47763,https://map.360.cn/?pid=d2948bbc5b006bc0,公开平台收录，当前营业状态未核实
菩提缘,shop,池州市青阳县佛光大道灯塔新村46号,117.7966777,30.4834364,platform_listing,360,GCJ-02,117.802,30.48094,https://map.360.cn/?pid=08850c963f8f4a08,公开平台收录，当前营业状态未核实
袁记香厂,shop,池州市青阳县九华镇九华山金凤凰宾馆附近,117.7952322,30.4803733,platform_listing,360,GCJ-02,117.800557,30.477878,https://map.360.cn/?pid=e88954354bb071a5,公开平台收录，当前营业状态未核实
远野特产,shop,池州市青阳县芙蓉路与228省道交叉口东南300米,117.7937116,30.481862,platform_listing,360,GCJ-02,117.79904,30.47937,https://map.360.cn/?pid=56ab397b3147d40b,公开平台收录，当前营业状态未核实
道明玉器,shop,池州市青阳县风景区白马新村31号,117.7939419,30.4817223,platform_listing,360,GCJ-02,117.79927,30.47923,https://map.360.cn/?pid=1b03b509a473f7fe,公开平台收录，当前营业状态未核实
金山商店,shop,池州市青阳县九华镇白马新村197号,117.7945756,30.4806555,platform_listing,360,GCJ-02,117.799902,30.478162,https://map.360.cn/?pid=cc32be6783457c04,公开平台收录，当前营业状态未核实
金缘超市(九华街店),shop,池州市青阳县九华山镇二一九省道九华山风景区内,117.7963671,30.4846258,platform_listing,360,GCJ-02,117.80169,30.48213,https://map.360.cn/?pid=17720c622d58b1f9,公开平台收录，当前营业状态未核实
随缘阁佛品店,shop,池州市青阳县九华镇灯塔新村76号,117.7965047,30.4838819,platform_listing,360,GCJ-02,117.801827,30.481386,https://map.360.cn/?pid=7754db452d13dcf7,公开平台收录，当前营业状态未核实
青杳文创(化城寺店),shop,池州市青阳县九华镇西南方向70米,117.7977293,30.4803814,platform_listing,360,GCJ-02,117.803049,30.477882,https://map.360.cn/?pid=db2fea5a06f11364,公开平台收录，当前营业状态未核实
东岩晏坐,sight,池州市青阳县九华山镇二一九省道九华山风景区九华街景区内,117.803252,30.4787106,platform_listing,qunar,GCJ-02,117.808559,30.4762016,https://touch.travel.qunar.com/poi/47378951,
东崖云舫,sight,池州市青阳县九华山百岁路3号,117.8032426,30.4788729,platform_listing,qunar,GCJ-02,117.8085491,30.4763638,https://touch.travel.qunar.com/poi/721684,
九华山佛学文化馆,sight,安徽省池州市青阳县九华山风景区芙蓉路9号,117.7947465,30.4809928,platform_listing,qunar,GCJ-02,117.8000725,30.4784983,https://touch.travel.qunar.com/poi/47314311,
九华山历史文物馆,sight,池州市青阳县化城路41号,117.7972113,30.4810234,platform_listing,qunar,GCJ-02,117.8025319,30.4785256,https://touch.travel.qunar.com/poi/45882721,
九华山谛听文化馆,sight,安徽池州市青阳县芙蓉路9号,117.797105,30.480972,platform_listing,qunar,GCJ-02,117.8024265,30.4784744,https://touch.travel.qunar.com/poi/45932681,
九华街景区亭,sight,池州市青阳县九华山镇二一九省道九华山风景区九华街景区内,117.8024859,30.4800397,platform_listing,qunar,GCJ-02,117.807794,30.4775322,https://touch.travel.qunar.com/poi/47449729,
仁德老和尚纪念堂,sight,池州市青阳县九华山镇二一九省道九华山风景区九华街景区祗园寺塔院内,117.7922848,30.4887764,multi_source,qunar、360,GCJ-02,117.7976174,30.4862881,https://map.360.cn/?pid=945246375e5d3b91 | https://touch.travel.qunar.com/poi/19972158,
伏虎亭,sight,池州市青阳县九华山镇二一九省道九华山风景区内伏虎寺内,117.8034917,30.488982,platform_listing,qunar,GCJ-02,117.8087989,30.4864753,https://touch.travel.qunar.com/poi/47366065,
佛境,sight,池州市青阳县九华山镇二一九省道九华山风景区九华街景区内,117.8011686,30.4859919,platform_listing,qunar,GCJ-02,117.8064809,30.4834885,https://touch.travel.qunar.com/poi/47373464,
佛陀,sight,池州市青阳县九华山风景区天台峰东花台景区内,117.8231394,30.4794283,unverified_listing,qunar,GCJ-02,117.8283967,30.4768833,https://touch.travel.qunar.com/poi/47010201,
回龙桥,sight,池州市青阳县九华山镇二一九省道九华山风景区闵园景区内,117.8045985,30.4715113,platform_listing,qunar,GCJ-02,117.809901,30.4689977,https://touch.travel.qunar.com/poi/50620101,
在九华文创馆,sight,池州市青阳县龙池路百岁山庄,117.7905109,30.4829288,platform_listing,qunar,GCJ-02,117.7958459,30.4804415,https://touch.travel.qunar.com/poi/47360124,
大花台,sight,池州市青阳县陵阳镇,117.8265745,30.4809775,platform_listing,360,GCJ-02,117.831823,30.478426,https://map.360.cn/?pid=45681f627184142c,
天台正顶,sight,池州市青阳县陵阳镇,117.8201399,30.4671208,platform_listing,360,GCJ-02,117.825404,30.464578,https://map.360.cn/?pid=1c0aeecbdc7bbc8f,
天梯,sight,池州市青阳县九华山镇二一九省道九华山风景区天台景区内,117.8155709,30.4693363,platform_listing,qunar,GCJ-02,117.8208461,30.466803,https://touch.travel.qunar.com/poi/47494044,
太白画廊,sight,安徽省池州市青阳县九华镇九华山风景区九华山谛听文化馆,117.7990925,30.4818656,platform_listing,qunar,GCJ-02,117.8044095,30.4793647,https://touch.travel.qunar.com/poi/50607162,
定心台,sight,池州市青阳县九华山镇二一九省道九华山风景区九华街景区月身宝殿内,117.7928017,30.4796014,platform_listing,qunar,GCJ-02,117.7981321,30.4771098,https://touch.travel.qunar.com/poi/47228958,
幽冥钟亭,sight,池州市青阳县百岁路4号,117.8031311,30.4790631,platform_listing,qunar,GCJ-02,117.8084381,30.4765547,https://touch.travel.qunar.com/poi/46362834,
捧日亭,sight,池州市青阳县陵阳镇,117.8186433,30.4660442,platform_listing,360,GCJ-02,117.823911,30.463504,https://map.360.cn/?pid=c3a5b86946237b13,
摩空亭,sight,池州市青阳县九华镇,117.8032113,30.4877944,multi_source,qunar、360,GCJ-02,117.8085187,30.4852878,https://map.360.cn/?pid=732bd6c3a6ea6902 | https://touch.travel.qunar.com/poi/47156907,
法地庄严,sight,池州市青阳县九华山镇二一九省道九华山风景区九华街景区地藏讲寺讲堂内,117.7864276,30.4701984,platform_listing,qunar,GCJ-02,117.7917704,30.4677138,https://touch.travel.qunar.com/poi/47080748,
洗手亭（镇二一九省道九华山风景区）,sight,池州市青阳县九华山镇二一九省道九华山风景区九华街景区内,117.7918481,30.4757628,platform_listing,qunar,GCJ-02,117.7971802,30.4732719,https://touch.travel.qunar.com/poi/47461483 | https://map.360.cn/?pid=475e2da35a15d7a5,
甘露亭,sight,池州市青阳县九华山镇二一九省道九华山风景区天台景区内,117.8212843,30.4696474,platform_listing,qunar,GCJ-02,117.8265453,30.4671027,https://touch.travel.qunar.com/poi/50497833,
百岁桥,sight,池州市青阳县九华山镇二一九省道九华山风景区闵园景区内,117.8082243,30.4848305,platform_listing,qunar,GCJ-02,117.8135193,30.4823149,https://touch.travel.qunar.com/poi/47313190 | https://touch.travel.qunar.com/poi/56851781,
真如界,sight,池州市青阳县九华山风景区,117.7906152,30.5018034,platform_listing,qunar,GCJ-02,117.7959516,30.4993218,https://touch.travel.qunar.com/poi/52004847,
石斛博物馆,sight,"九华山风景区白马新村30号,月身宝殿北大门对面",117.7944599,30.4809414,platform_listing,qunar,GCJ-02,117.799787,30.478448,https://touch.travel.qunar.com/poi/19485019,
石长城,sight,池州市青阳县九华山镇二一九省道九华山风景区天台景区内,117.8239336,30.4791307,platform_listing,qunar,GCJ-02,117.8291885,30.4765837,https://touch.travel.qunar.com/poi/47302927,
碧云亭,sight,池州市青阳县九华乡,117.8246006,30.49922,platform_listing,360,GCJ-02,117.829856,30.496678,https://map.360.cn/?pid=78b46fcccb00462e,
神光岭广场,sight,,117.7926152,30.4820721,user_confirmed,用户确认名称；范围按 Esri 卫星影像描绘,WGS84,,,https://www.arcgis.com/home/item.html?id=10df2279f9684e4a9f6a7f08febac2a9,
禅宗的牧牛图,sight,池州市青阳县芙蓉路1号祗园禅寺内,117.7996782,30.4832777,platform_listing,qunar,GCJ-02,117.8049937,30.480776,https://touch.travel.qunar.com/poi/47492916,
肉身宝殿-龙珠桥,sight,池州市青阳县九华山镇二一九省道九华山风景区九华街景区月身宝殿内,117.7928757,30.4792507,platform_listing,qunar,GCJ-02,117.7982057,30.4767588,https://touch.travel.qunar.com/poi/47267929,
肉身宝殿北门,sight,池州市青阳县九华街芙蓉路九华山风景区内,117.7928216,30.4813827,user_confirmed,qunar,GCJ-02,117.79842,30.4793088,https://touch.travel.qunar.com/poi/47215110,
舍文化馆,sight,池州市青阳县九华山镇二一九省道九华山风景区内,117.7946808,30.4810072,platform_listing,qunar,GCJ-02,117.8000072,30.4785133,https://touch.travel.qunar.com/poi/47531174,
花台-观景台,sight,安徽省池州市青阳县九华山风景区天台峰东花台景区内,117.8260638,30.4812408,platform_listing,qunar,GCJ-02,117.8313135,30.4786905,https://touch.travel.qunar.com/poi/721274 | https://map.360.cn/?pid=f2ad9b1e605ce112,
茶碑亭,sight,池州市青阳县九华山镇二一九省道九华山风景区内,117.7935969,30.4782056,platform_listing,qunar,GCJ-02,117.7989256,30.4757121,https://touch.travel.qunar.com/poi/47405648,
药师海会,sight,池州市青阳县九华山风景区回香阁万佛塔内,117.8012999,30.4744373,platform_listing,qunar,GCJ-02,117.8066109,30.4719303,https://touch.travel.qunar.com/poi/50586471,
观凤台,sight,安徽省池州市青阳县九华山镇二一九省道九华山风景区闵园尼庵群内,117.8044255,30.4716555,platform_listing,qunar,GCJ-02,117.8097291,30.4691429,https://touch.travel.qunar.com/poi/47054672,
观景台,sight,池州市青阳县花台景区-观景台,117.8268882,30.4822227,platform_listing,360,GCJ-02,117.832136,30.479671,https://map.360.cn/?pid=f2ad9b1e605ce112,
观景平台,sight,池州市青阳县九华山镇二一九省道九华山风景区天台景区内,117.8243452,30.4766519,platform_listing,qunar,GCJ-02,117.8295986,30.4741039,https://touch.travel.qunar.com/poi/47434530,
迎仙桥,sight,池州市青阳县九华山镇二一九省道九华山风景区九华街景区内,117.7990904,30.483413,platform_listing,qunar,GCJ-02,117.8044073,30.4809125,https://touch.travel.qunar.com/poi/23343856,
送子观音亭,sight,池州市青阳县九华山镇二一九省道九华山风景区九华街景区大慈藏寺内,117.7917866,30.4753174,platform_listing,qunar,GCJ-02,117.7971184,30.4728259,https://touch.travel.qunar.com/poi/47546208,
醒世歌,sight,池州市青阳县九华山镇219省道九华山风景区摩空岭百岁宫内,117.8039554,30.4836294,platform_listing,qunar,GCJ-02,117.8092604,30.4811203,https://touch.travel.qunar.com/poi/47576897,
闵公亭,sight,池州市青阳县九华山镇二一九省道九华山风景区九华街景区闵公禅寺内,117.8005089,30.4808161,platform_listing,qunar,GCJ-02,117.805822,30.4783128,https://touch.travel.qunar.com/poi/19972086,
闵公桥,sight,池州市青阳县九华山镇二一九省道九华山风景区闵园景区内,117.8117282,30.4817448,platform_listing,qunar,GCJ-02,117.8170143,30.4792218,https://touch.travel.qunar.com/poi/47024370,
飞龙桥,sight,池州市青阳县九华山镇二一九省道九华山风景区九华街景区内,117.8016949,30.4851127,platform_listing,qunar,GCJ-02,117.8070062,30.4826082,https://touch.travel.qunar.com/poi/50537779,
万佛塔,temple,,117.801146,30.4746769,mapped,osm、qunar、360、overture,WGS84,,,https://www.openstreetmap.org/way/609561169 | https://www.jiuhuashan.gov.cn/file_cz/54/202506/202506269aaa0b14711f440284eefd14e047a66e.pdf | https://docs.overturemaps.org/guides/places/ | https://map.360.cn/?pid=f9111348931397b3 | https://touch.travel.qunar.com/poi/9599642,
万福寺,temple,,117.8018743,30.4853443,mapped,osm、qunar,WGS84,,,https://www.openstreetmap.org/node/8629885207 | https://touch.travel.qunar.com/poi/47038646,
上禅堂,temple,,117.7940836,30.4788278,multi_source,qunar、360、overture,GCJ-02,117.7994109,30.4763344,https://docs.overturemaps.org/guides/places/ | https://map.360.cn/?pid=bc47a85a0e516456 | https://touch.travel.qunar.com/poi/8605529,
东崖禅寺,temple,,117.8033227,30.4787935,mapped,osm、qunar,WGS84,,,https://www.openstreetmap.org/node/8629885151 | https://touch.travel.qunar.com/poi/8605171,
九华山白云禅林,temple,池州市青阳县白云新村12号,117.7867496,30.4833796,multi_source,qunar、360,GCJ-02,117.7920925,30.4808982,https://map.360.cn/?pid=30e0c88d5dbd26da | https://touch.travel.qunar.com/poi/45351247,
九华山真如庵,temple,池州市青阳县九华山镇二一九省道九华山风景区天台景区内,117.8211936,30.4654463,platform_listing,qunar,GCJ-02,117.8264545,30.4629009,https://touch.travel.qunar.com/poi/9599646,
九华莲社,temple,池州市青阳县九华莲社,117.8051727,30.4712678,multi_source,qunar、360,GCJ-02,117.810474,30.4687532,https://map.360.cn/?pid=5c4f468bdcda62a9 | https://touch.travel.qunar.com/poi/47535760,
九莲精舍,temple,池州市青阳县九华镇中闵园84号,117.8058262,30.4694833,multi_source,qunar、360,GCJ-02,117.8111259,30.4669673,https://map.360.cn/?pid=76feae486e7e614e | https://touch.travel.qunar.com/poi/19972119,
五百罗汉堂,temple,,117.8040189,30.4832107,mapped,osm、qunar、360,WGS84,,,https://www.openstreetmap.org/way/541482171 | https://map.360.cn/?pid=fb8836de2c62da4f | https://touch.travel.qunar.com/poi/8667189,
伏虎寺,temple,池州市青阳县九华山镇二一九省道九华山风景区内,117.8032447,30.4890243,platform_listing,qunar,GCJ-02,117.8085517,30.4865179,https://touch.travel.qunar.com/poi/47351808,
光明茅蓬,temple,池州市青阳县中闵园22号,117.8039971,30.4716366,platform_listing,qunar,GCJ-02,117.809301,30.4691241,https://touch.travel.qunar.com/poi/45825685,
兜率院,temple,池州市青阳县九华山镇219省道九华山风景区摩空岭百岁宫内,117.8038012,30.4832732,multi_source,qunar、360,GCJ-02,117.809107,30.4807648,https://map.360.cn/?pid=4fa31982b59ab0c6 | https://touch.travel.qunar.com/poi/19972177,
净土庵,temple,池州市青阳县神光岭路1号,117.7947725,30.4801425,platform_listing,qunar,GCJ-02,117.8000984,30.4776481,https://touch.travel.qunar.com/poi/47578024,
净戒禅院,temple,池州市青阳县九华山镇二一九省道九华山风景区内,117.7880545,30.4809702,platform_listing,qunar,GCJ-02,117.7933952,30.4784866,https://touch.travel.qunar.com/poi/47565829 | https://map.360.cn/?pid=9e3f01ab393514ad,
净洁精舍,temple,,117.7945537,30.4798945,multi_source,qunar、360,GCJ-02,117.79988,30.4774,https://map.360.cn/?pid=7dd0f9a5031d40f2 | https://map.360.cn/?pid=e9f16725aea2cde5 | https://touch.travel.qunar.com/poi/46274114 | https://touch.travel.qunar.com/poi/9553376,
务云寺,temple,池州市青阳县九华镇,117.8042233,30.4643354,platform_listing,360,GCJ-02,117.809526,30.461821,https://map.360.cn/?pid=bf2254079c9f0528,
化城寺,temple,,117.7971556,30.4811579,mapped,osm、qunar、360、overture、wikidata,WGS84,,,https://www.openstreetmap.org/way/609757872 | https://www.jiuhuashan.gov.cn/file_cz/54/202506/202506269aaa0b14711f440284eefd14e047a66e.pdf | https://docs.overturemaps.org/guides/places/ | https://www.wikidata.org/wiki/Q10901768 | https://zh.wikipedia.org/wiki/%E5%8C%96%E5%9F%8E%E5%AF%BA | https://zh.wikipedia.org/wiki/化城寺,
华严洞,temple,池州市青阳县九华镇,117.8101503,30.4721767,multi_source,qunar、360,GCJ-02,117.8154394,30.4696539,https://map.360.cn/?pid=7cbca67eb9465756 | https://map.360.cn/?pid=cf7e0657de09372c | https://touch.travel.qunar.com/poi/10000352,
华严海慧寺,temple,安徽省池州市青阳县芙蓉路29号,117.8099794,30.4722714,platform_listing,qunar,GCJ-02,117.8152686,30.4697489,https://touch.travel.qunar.com/poi/56872398,
华天禅寺,temple,池州市青阳县九华镇金环酒店附近,117.7972009,30.4855005,multi_source,qunar、360,GCJ-02,117.8025224,30.4830035,https://map.360.cn/?pid=b1a7284248975381 | https://touch.travel.qunar.com/poi/9599661,
华天禅寺-土地庙,temple,池州市青阳县灯塔新村136号华天禅寺内,117.7968278,30.4855708,platform_listing,qunar,GCJ-02,117.8021497,30.4830748,https://touch.travel.qunar.com/poi/51780936,
南台古寺,temple,池州市青阳县九华山镇二一九省道九华山风景区九华街景区地藏讲寺讲堂内,117.7861107,30.4700036,platform_listing,qunar,GCJ-02,117.7914537,30.4675192,https://touch.travel.qunar.com/poi/47290741,
古地藏洞,temple,池州市青阳县九华山镇二一九省道九华山风景区九华街景区万福寺内,117.8020294,30.4851542,platform_listing,qunar,GCJ-02,117.8073397,30.4826491,https://touch.travel.qunar.com/poi/47421897,
古塔,temple,池州市青阳县九华山镇二一九省道九华山风景区天台景区内,117.816833,30.4703616,unverified_listing,qunar,GCJ-02,117.8221052,30.4678256,https://touch.travel.qunar.com/poi/51742152,
古拜经台,temple,,117.818093,30.4675104,multi_source,qunar、360,GCJ-02,117.8233615,30.4649719,https://docs.overturemaps.org/guides/places/ | https://map.360.cn/?pid=4786218669062742 | https://touch.travel.qunar.com/poi/9599659,
只园精舍,temple,池州市青阳县九华山镇中闵园24号,117.8042327,30.4717412,platform_listing,qunar,GCJ-02,117.8095359,30.4692291,https://touch.travel.qunar.com/poi/45821504,
吉祥寺,temple,池州市青阳县九华山镇二一九省道九华山风景区天台景区内,117.8123848,30.4699621,platform_listing,qunar,GCJ-02,117.8176682,30.4674347,https://touch.travel.qunar.com/poi/47148883,
回香阁,temple,,117.8013885,30.4755852,platform_listing,qunar,GCJ-02,117.8066992,30.4730784,https://touch.travel.qunar.com/poi/8667246,
圆觉精舍,temple,池州市青阳县神光岭路22号,117.7913176,30.4738954,platform_listing,qunar,GCJ-02,117.79665,30.4714049,https://touch.travel.qunar.com/poi/45882275,
地藏古洞,temple,池州市青阳县九华山风景区天台西侧,117.8196793,30.4672922,platform_listing,360,GCJ-02,117.824944,30.46475,https://map.360.cn/?pid=f7d25caa6f70de56,
地藏禅寺,temple,池州市青阳县佛光大道,117.7941368,30.5050036,multi_source,qunar、360,GCJ-02,117.7994665,30.5025175,https://map.360.cn/?pid=c3c2f4a8615cadae | https://touch.travel.qunar.com/poi/51770969,
地藏讲寺讲堂-香炉,temple,池州市青阳县杜村乡范围内,117.7866496,30.4705537,multi_source,qunar、360,GCJ-02,117.7919918,30.4680693,https://map.360.cn/?pid=2c94741fa012270a | https://touch.travel.qunar.com/poi/47285959 | https://touch.travel.qunar.com/poi/51744960,
塔婆,temple,池州市青阳县九华山镇二一九省道九华山风景区闵园景区文殊古院内,117.8146141,30.4820794,unverified_listing,qunar,GCJ-02,117.8198934,30.4795508,https://touch.travel.qunar.com/poi/47517052,
复兴庵,temple,池州市青阳县天台路26号,117.8142295,30.4692678,platform_listing,qunar,GCJ-02,117.8195087,30.4667363,https://touch.travel.qunar.com/poi/46033520,
大厦庵,temple,池州市青阳县化城路45号,117.7970216,30.4810343,multi_source,ctrip、qunar,GCJ-02,117.8023433,30.4785364,https://touch.travel.qunar.com/poi/45971644,
大厦庵-绍华禅师舍利塔,temple,安徽省池州市青阳县九华山镇219省道九华山风景区化城路45号大厦庵内,117.7968507,30.4809225,platform_listing,qunar,GCJ-02,117.8021725,30.4784247,https://touch.travel.qunar.com/poi/47506489,
大悲莲社观音峰下院,temple,池州市青阳县中闵园19号,117.8038981,30.4718494,platform_listing,qunar,GCJ-02,117.8092024,30.4693375,https://touch.travel.qunar.com/poi/45842017,
大悲蓬社,temple,安徽省池州市青阳县九华山镇二一九省道九华山风景区闵园尼庵群内,117.8037887,30.4720216,platform_listing,qunar,GCJ-02,117.809093,30.4695101,https://touch.travel.qunar.com/poi/47318738,
大悲院,temple,池州市青阳县九华镇,117.8194614,30.4708647,multi_source,qunar、360,GCJ-02,117.8247274,30.4683245,https://map.360.cn/?pid=175d7b6aaca2dbaf | https://touch.travel.qunar.com/poi/47395520,
大愿茅蓬,temple,安徽省池州市青阳县九华山镇二一九省道九华山风景区闵园尼庵群内,117.80434,30.4715068,platform_listing,qunar,GCJ-02,117.8096438,30.4689945,https://touch.travel.qunar.com/poi/47620380,
大慈庵,temple,池州市青阳县中闵园21号,117.8037897,30.471633,platform_listing,qunar,GCJ-02,117.809094,30.4691211,https://touch.travel.qunar.com/poi/19972107,
大慈藏寺,temple,池州市青阳县九华镇,117.791575,30.4752687,multi_source,qunar、360,GCJ-02,117.7969077,30.4727779,https://map.360.cn/?pid=8917db4d55b151ce | https://touch.travel.qunar.com/poi/19972093,
大桥庵,temple,安徽省池州市青阳县九华山风景区,117.7956209,30.500394,platform_listing,qunar,GCJ-02,117.800947,30.4979044,https://touch.travel.qunar.com/poi/47606069,
大觉禅寺,temple,,117.8047298,30.4659288,multi_source,qunar、360,GCJ-02,117.8100319,30.4634135,https://map.360.cn/?pid=6a32604589da8abf | https://touch.travel.qunar.com/poi/47325808,
天台禅寺,temple,,117.8195607,30.467255,mapped,osm、qunar、overture,WGS84,,,https://www.openstreetmap.org/way/541481978 | https://docs.overturemaps.org/guides/places/ | https://touch.travel.qunar.com/poi/721683,
天桥禅寺,temple,池州市青阳县天台路28号,117.8159127,30.4689892,multi_source,qunar、360,GCJ-02,117.8211876,30.4664549,https://map.360.cn/?pid=d1e522eb0588d613 | https://touch.travel.qunar.com/poi/19972127,
天池古庵,temple,,117.7989216,30.4809657,multi_source,qunar、360,GCJ-02,117.8042382,30.4784646,https://map.360.cn/?pid=55cc563f9189d061 | https://map.360.cn/?pid=f49e43b941e43c8a | https://touch.travel.qunar.com/poi/46281792 | https://touch.travel.qunar.com/poi/9599673,
太极洞,temple,池州市青阳县九华山镇二一九省道九华山风景区天台景区内,117.8194427,30.4718999,platform_listing,qunar,GCJ-02,117.8247085,30.4693599,https://touch.travel.qunar.com/poi/47381853,
太白书堂,temple,池州市青阳县九华山风景区九华街景区内芙蓉路1号,117.7990289,30.4819594,multi_source,ctrip、qunar、360,GCJ-02,117.8043461,30.4794588,https://map.360.cn/?pid=bf9059073a0980b8 | https://touch.travel.qunar.com/poi/9599662,
娘娘塔,temple,池州市青阳县九华山镇二一九省道九华山风景区九华街景区内,117.7974375,30.4803417,platform_listing,qunar,GCJ-02,117.8027576,30.4778429,https://touch.travel.qunar.com/poi/47493253,
寂光精舍,temple,安徽省池州市青阳县九华山镇二一九省道九华山风景区闵园尼庵群内,117.8075813,30.4694788,platform_listing,qunar,GCJ-02,117.8128768,30.4669594,https://touch.travel.qunar.com/poi/47097932,
密宗塔林,temple,池州市青阳县九华山镇二一九省道九华山风景区天台景区内,117.8220492,30.4699982,platform_listing,qunar,GCJ-02,117.8273083,30.4674527,https://touch.travel.qunar.com/poi/47470385,
小天台,temple,,117.7873279,30.471187,mapped,osm、qunar,WGS84,,,https://www.openstreetmap.org/node/10118844272 | https://www.openstreetmap.org/node/8629905203 | https://touch.travel.qunar.com/poi/10005060 | https://www.jiuhuashan.gov.cn/Content/show/773634.html,
广济茅蓬,temple,池州市青阳县九华山镇二一九省道九华山风景区九华街景区内,117.7944734,30.4794932,platform_listing,qunar,GCJ-02,117.7997998,30.476999,https://touch.travel.qunar.com/poi/47498839,
心愿庵,temple,池州市青阳县中闵园12号,117.8035073,30.4716375,platform_listing,qunar,GCJ-02,117.808813,30.469126,https://touch.travel.qunar.com/poi/45945372,
心愿茅蓬,temple,池州市青阳县中闵园18号,117.8036261,30.4717277,platform_listing,qunar,GCJ-02,117.8089312,30.4692165,https://touch.travel.qunar.com/poi/45956819,
慈佛精舍,temple,池州市青阳县中闵园82号,117.8062514,30.4698197,platform_listing,qunar,GCJ-02,117.8115502,30.4673028,https://touch.travel.qunar.com/poi/45948641,
慈修庵,temple,安徽省池州市青阳县九华山镇二一九省道九华山风景区闵园尼庵群内,117.805056,30.4714725,platform_listing,qunar,GCJ-02,117.8103572,30.4689584,https://touch.travel.qunar.com/poi/47296182,
慧居寺,temple,,117.8107048,30.4704112,platform_listing,qunar,GCJ-02,117.8159924,30.4678866,https://touch.travel.qunar.com/poi/9599652,
慧居寺-兜率宫,temple,池州市青阳县九华山镇二一九省道九华山风景区天台景区内,117.811253,30.4703526,platform_listing,qunar,GCJ-02,117.8165399,30.467827,https://touch.travel.qunar.com/poi/57085901,
慧居寺下院,temple,池州市青阳县九华街芙蓉路九华山风景区内,117.8044943,30.4716123,multi_source,qunar、360,GCJ-02,117.8097975,30.4690996,https://map.360.cn/?pid=557154ba0f6b90b0 | https://touch.travel.qunar.com/poi/47128514,
招隐寺,temple,池州市青阳县九华山镇二一九省道九华山风景区天台景区内,117.8222337,30.4644563,platform_listing,qunar,GCJ-02,117.8274918,30.4619087,https://touch.travel.qunar.com/poi/47510651,
接引庵,temple,池州市青阳县中闵园15号,117.8029997,30.4722362,platform_listing,qunar,GCJ-02,117.8083068,30.4697259,https://touch.travel.qunar.com/poi/47278447,
文封禅院,temple,池州市青阳县九华山镇二一九省道九华山风景区九华街景区内,117.787598,30.4875906,platform_listing,qunar,GCJ-02,117.7929401,30.4851092,https://touch.travel.qunar.com/poi/47401534,
文殊古院,temple,池州市青阳县九华山镇二一九省道九华山风景区闵园景区内,117.8146141,30.4820794,platform_listing,qunar,GCJ-02,117.8198934,30.4795508,https://touch.travel.qunar.com/poi/47135929,
文殊洞,temple,池州市青阳县九华乡,117.814635,30.48133,multi_source,qunar、360,GCJ-02,117.8199142,30.4788017,https://map.360.cn/?pid=b86afe996cf523ad | https://touch.travel.qunar.com/poi/51820315,
旃檀禅林,temple,,117.7966302,30.479444,mapped,osm、qunar、360,WGS84,,,https://www.openstreetmap.org/way/1544584102 | https://www.jiuhuashan.gov.cn/file_cz/54/202506/202506269aaa0b14711f440284eefd14e047a66e.pdf | https://map.360.cn/?pid=a56331dd7dc046a6 | https://touch.travel.qunar.com/poi/7588273,
无量寺香炉,temple,池州市青阳县神光岭路7号,117.7948903,30.4794409,platform_listing,qunar,GCJ-02,117.8002156,30.4769464,https://touch.travel.qunar.com/poi/45960869 | https://touch.travel.qunar.com/poi/50751609 | https://touch.travel.qunar.com/poi/50752457,
普度寺,temple,池州市青阳县九华镇正东方向140米,117.8049706,30.4695356,platform_listing,360,GCJ-02,117.810272,30.467021,https://map.360.cn/?pid=b18db5d8d08c0818,
普济庵,temple,池州市青阳县中闵园43号,117.805771,30.4717241,platform_listing,qunar,GCJ-02,117.8110704,30.4692092,https://touch.travel.qunar.com/poi/46995854,
普渡禅寺,temple,安徽省池州市青阳县S219(龙池路),117.8036824,30.4697601,platform_listing,qunar,GCJ-02,117.8089877,30.4672484,https://touch.travel.qunar.com/poi/45388684,
月身塔,temple,池州市青阳县九华镇神光岭宾馆附近,117.7928319,30.4790442,platform_listing,360,GCJ-02,117.798162,30.476553,https://map.360.cn/?pid=a907f642d42369d5,
朝阳庵,temple,池州市青阳县九华山镇二一九省道九华山风景区天台景区内,117.8151529,30.4690748,platform_listing,qunar,GCJ-02,117.8204296,30.4665419,https://touch.travel.qunar.com/poi/19972110,
朝阳庵下院,temple,安徽省池州市青阳县九华山镇二一九省道九华山风景区闵园尼庵群内,117.8060263,30.4699297,platform_listing,qunar,GCJ-02,117.8113251,30.4674139,https://touch.travel.qunar.com/poi/19972095,
法华寺,temple,池州市青阳县芙蓉路17号,117.7996365,30.4806195,platform_listing,qunar,GCJ-02,117.8049522,30.4781175,https://touch.travel.qunar.com/poi/47467536,
海慧寺,temple,池州市青阳县九华山镇二一九省道九华山风景区闵园尼庵群内,117.8067215,30.4696862,multi_source,qunar、360,GCJ-02,117.8120186,30.4671692,https://map.360.cn/?pid=979b071c5b343687 | https://touch.travel.qunar.com/poi/9599675,
潮音精舍,temple,池州市青阳县中闵园11号,117.8036261,30.4713309,platform_listing,qunar,GCJ-02,117.8089306,30.4688197,https://touch.travel.qunar.com/poi/45882836,
甘露寺,temple,,117.7967452,30.4970405,mapped,osm、qunar、360,WGS84,,,https://www.openstreetmap.org/way/1544546353 | https://map.360.cn/?pid=608f5f3dfdec7dec | https://touch.travel.qunar.com/poi/718470,
百岁宫,temple,,117.8039489,30.4835292,mapped,osm、qunar、360、wikidata,WGS84,,,https://www.openstreetmap.org/way/1544544288 | https://www.jiuhuashan.gov.cn/file_cz/54/202506/202506269aaa0b14711f440284eefd14e047a66e.pdf | https://en.wikipedia.org/wiki/Baisui_Palace | https://ja.wikipedia.org/wiki/百歳宮 | https://www.openstreetmap.org/way/610262587 | https://www.wikidata.org/wiki/Q15942561,
祇园寺,temple,,117.7997972,30.483322,mapped,osm、qunar、360、overture、wikidata,WGS84,,,https://www.openstreetmap.org/way/1420764837 | https://www.jiuhuashan.gov.cn/file_cz/54/202506/202506269aaa0b14711f440284eefd14e047a66e.pdf | https://docs.overturemaps.org/guides/places/ | https://www.wikidata.org/wiki/Q16078843 | https://zh.wikipedia.org/wiki/%E7%A5%97%E5%9B%AD%E5%AF%BA | https://zh.wikipedia.org/wiki/祗园寺,
祗园寺塔院,temple,池州市青阳县九华山镇二一九省道九华山风景区九华街景区内,117.7922462,30.4889035,platform_listing,qunar,GCJ-02,117.7975787,30.4864155,https://touch.travel.qunar.com/poi/47275377,
立庵,temple,池州市青阳县化城路7号,117.7988851,30.4806943,multi_source,qunar、360,GCJ-02,117.8042017,30.4781937,https://map.360.cn/?pid=a4ab260ae7b98303 | https://touch.travel.qunar.com/poi/50754966,
罗汉塔,temple,池州市青阳县九华山镇二一九省道九华山风景区九华街景区龙庵内,117.7961087,30.4802317,platform_listing,qunar,GCJ-02,117.8014319,30.4777353,https://touch.travel.qunar.com/poi/50413895,
翠云庵(古吊桥寺),temple,池州市青阳县九华山镇二一九省道九华山风景区天台景区内,117.815894,30.4690821,platform_listing,qunar,GCJ-02,117.8211686,30.4665481,https://touch.travel.qunar.com/poi/45887708,
老常住护国禅寺,temple,池州市青阳县九华镇九华山风景区内天台峰顶天台景区内,117.8228184,30.4664193,platform_listing,qunar,GCJ-02,117.8280752,30.4638709,https://touch.travel.qunar.com/poi/47399096,
老虎洞,temple,,117.803328,30.4889824,mapped,osm、qunar、360,WGS84,,,https://www.openstreetmap.org/node/8629905118 | https://map.360.cn/?pid=d653e9e9e1e2e239 | https://m.map.360.cn/ | https://touch.travel.qunar.com/poi/51718542,
聚龙禅寺,temple,池州市青阳县灯塔新村101号,117.7976782,30.4846709,multi_source,qunar、360,GCJ-02,117.8029983,30.4821733,https://map.360.cn/?pid=c8fbfe04e1d994a0 | https://touch.travel.qunar.com/poi/9599665,
肉身宝殿,temple,,117.7932523,30.4786814,mapped,osm、qunar、360、overture、wikidata,WGS84,,,https://www.openstreetmap.org/way/1544549312 | https://www.jiuhuashan.gov.cn/file_cz/54/202506/202506269aaa0b14711f440284eefd14e047a66e.pdf | https://docs.overturemaps.org/guides/places/ | https://www.wikidata.org/wiki/Q17163601 | https://zh.wikipedia.org/wiki/%E8%82%89%E8%BA%AB%E5%AF%B6%E6%AE%BF | https://zh.wikipedia.org/wiki/肉身寶殿 | https://www.jiuhuashan.gov.cn/Content/show/773634.html,
肉身宝殿-地藏禅寺,temple,池州市青阳县九华山镇二一九省道九华山风景区九华街景区内,117.7926662,30.4805158,platform_listing,qunar,GCJ-02,117.7979967,30.4780246,https://touch.travel.qunar.com/poi/10069951,
胜鬘精舍,temple,池州市青阳县中闵园10号,117.8035,30.4710072,platform_listing,qunar,GCJ-02,117.8088053,30.468496,https://touch.travel.qunar.com/poi/46056012,
能悟法师塔,temple,池州市青阳县九华山镇二一九省道九华山风景区九华街景区内,117.8034093,30.4795951,platform_listing,qunar,GCJ-02,117.808716,30.4770859,https://touch.travel.qunar.com/poi/47185384,
舍利塔,temple,池州市青阳县九华山镇二一九省道九华山风景区九华街景区闵公禅寺内,117.8001868,30.4808458,platform_listing,qunar,GCJ-02,117.8055005,30.4783426,https://touch.travel.qunar.com/poi/47434640,
药师茅蓬,temple,池州市青阳县中闵园80号,117.8067308,30.4693832,platform_listing,qunar,GCJ-02,117.8120278,30.4668661,https://touch.travel.qunar.com/poi/46325030,
莲宗精舍,temple,池州市青阳县中闵园85号,117.8053729,30.4699729,platform_listing,qunar,GCJ-02,117.810674,30.4674582,https://touch.travel.qunar.com/poi/46058738,
莲花庵,temple,安徽省池州市青阳县九华山镇二一九省道九华山风景区闵园尼庵群内,117.8032916,30.4713913,platform_listing,qunar,GCJ-02,117.8085969,30.4688808,https://touch.travel.qunar.com/poi/47547247,
西天寺,temple,,117.800737,30.4853674,mapped,osm、qunar、360,WGS84,,,https://www.openstreetmap.org/node/8629885206 | https://map.360.cn/?pid=bee929fa255e060c | https://touch.travel.qunar.com/poi/9599666,
西方庵,temple,池州市青阳县九华山风景区,117.7887507,30.4974572,platform_listing,qunar,GCJ-02,117.7940911,30.494977,https://touch.travel.qunar.com/poi/47401166,
西竺禅寺,temple,池州市青阳县九华山风景区(西北角),117.7881305,30.4974112,multi_source,qunar、360,GCJ-02,117.7934722,30.4949316,https://map.360.cn/?pid=5a3399284bb7bc71 | https://touch.travel.qunar.com/poi/47313239,
观音洞,temple,,117.8017831,30.4887559,mapped,osm、qunar、360,WGS84,,,https://www.openstreetmap.org/node/8629885208 | https://map.360.cn/?pid=809f13ed7447042b | https://touch.travel.qunar.com/poi/47685343,
通慧庵,temple,池州市青阳县九华山镇二一九省道九华山风景区九华街景区通慧庵,117.7997126,30.4798224,multi_source,qunar、360,GCJ-02,117.8050274,30.4773203,https://map.360.cn/?pid=2acd8cb5d9563461 | https://touch.travel.qunar.com/poi/9599650,
通慧禅林,temple,,117.7997991,30.4799486,multi_source,qunar、360,GCJ-02,117.8051142,30.4774457,https://map.360.cn/?pid=519e555ebb04d37e | https://touch.travel.qunar.com/poi/19977343,
金刚寺,temple,安徽省池州市青阳县九华山镇二一九省道九华山风景区闵园尼庵群内,117.8065318,30.4704527,platform_listing,qunar,GCJ-02,117.8118301,30.4679355,https://touch.travel.qunar.com/poi/10025323,
长生古洞,temple,池州市青阳县九华山镇二一九省道九华山风景区天台景区内,117.8140503,30.4697457,platform_listing,qunar,GCJ-02,117.8193296,30.4672151,https://touch.travel.qunar.com/poi/47484331,
长生庵,temple,池州市青阳县九华山镇二一九省道九华山风景区九华街景区内,117.7962389,30.480284,platform_listing,qunar,GCJ-02,117.8015615,30.4777871,https://touch.travel.qunar.com/poi/47602344,
闵公禅寺,temple,,117.7997991,30.4804932,multi_source,qunar、360,GCJ-02,117.8051141,30.4779906,https://map.360.cn/?pid=a3ded678c0e13b76 | https://touch.travel.qunar.com/poi/47163010,
闵园尼庵群,temple,,117.80760005211047,30.47120018034265,legacy_estimate,估计,WGS84,,,,
隆山道场,temple,池州市青阳县九华山镇二一九省道九华山风景区内,117.8031019,30.4881064,platform_listing,qunar,GCJ-02,117.8084099,30.4856007,https://touch.travel.qunar.com/poi/47003831,
静修茅蓬,temple,安徽省池州市青阳县九华山镇二一九省道九华山风景区闵园尼庵群内,117.8049466,30.4714436,platform_listing,qunar,GCJ-02,117.8102487,30.4689294,https://touch.travel.qunar.com/poi/46995800,
香山茅蓬,temple,池州市青阳县九华镇中闵园81号,117.8071477,30.4685834,multi_source,qunar、360,GCJ-02,117.8124444,30.4660647,https://map.360.cn/?pid=0027534cafabe043 | https://touch.travel.qunar.com/poi/45936059,
龙庵,temple,,117.7963129,30.4800478,platform_listing,360,GCJ-02,117.801636,30.477551,https://map.360.cn/?pid=4c730fc78838576e | https://www.jiuhuashan.gov.cn/Content/show/773634.html,
龙池庵,temple,,117.7981963,30.4944563,mapped,osm、qunar、360,WGS84,,,https://www.openstreetmap.org/node/7349783840 | https://map.360.cn/?pid=8cb6625e4fe6fc36 | https://touch.travel.qunar.com/poi/9599670,
三角洲车站,transport,,117.7910518,30.4833345,user_confirmed,用户在截图上标出位置并说明线路,WGS84,,,,
中国石化加油站(安徽省池州市九华山站),transport,池州市青阳县九华镇219省道,117.7984922,30.4873147,platform_listing,360,GCJ-02,117.803811,30.484816,https://map.360.cn/?pid=2bdf4858b385bea9,
九华山索道凤凰松站,transport,池州市青阳县九华镇219省道,117.8050935,30.4701993,platform_listing,360,GCJ-02,117.810395,30.467685,https://map.360.cn/?pid=4768f7786c8f99a2 | https://www.jiuhuashan.gov.cn/Content/show/773634.html,
九华山花台客运站,transport,池州市青阳县九华乡,117.805994,30.5038981,platform_listing,360,GCJ-02,117.811296,30.501392,https://map.360.cn/?pid=78bc65fd96aa0582 | https://m.map.360.cn/,
云快充汽车充电站(九华山航通新能源灯塔),transport,池州市青阳县九华街景区内九华山风景区停车场,117.7959377,30.4852056,platform_listing,360,GCJ-02,117.801262,30.482711,https://map.360.cn/?pid=8217639898236f58,
凤凰松车站,transport,,117.8021287,30.4691328,mapped,osm、360,WGS84,,,https://www.openstreetmap.org/node/5212167017 | https://map.360.cn/?pid=6487d06abd32b979 | https://m.map.360.cn/ | https://www.jiuhuashan.gov.cn/Content/show/773634.html,
天台索道上站,transport,,117.8161337,30.4648882,platform_listing,osm,WGS84,117.816133,30.464889,https://www.openstreetmap.org/way/609568376 | https://www.jiuhuashan.gov.cn/Content/show/773634.html,
天台索道站,transport,,117.8045047,30.4675014,multi_source,osm、360,WGS84,117.804504,30.467501,https://map.360.cn/?pid=15bb0db08a7d84a0 | https://www.openstreetmap.org/way/609568574 | https://m.map.360.cn/ | https://www.jiuhuashan.gov.cn/Content/show/773634.html,
景区检票口,transport,,117.7994104,30.4849035,user_confirmed,用户 2026-09-28 在三维地图截图上圈出位置，并提供检票门廊实拍；按圈图与步行通道对应，位置和尺寸为近似,WGS84,,,,
特来电汽车充电站(华天寺西),transport,池州市青阳县九华镇芙蓉路九华山风景区,117.7917908,30.4828864,platform_listing,360,GCJ-02,117.797123,30.480397,https://map.360.cn/?pid=1696f3688df2938d,
特来电汽车充电站(诚充九华山山上金环),transport,池州市青阳县九华镇花筑·九华山山忠泽院民宿九华山风景区,117.7951613,30.4838088,platform_listing,360,GCJ-02,117.800487,30.481315,https://map.360.cn/?pid=8f1257eebf394cbe,
百岁宫缆车上站,transport,池州市青阳县九华山镇二一九省道九华山风景区九华街景区内,117.8037314,30.4815293,multi_source,osm、qunar,WGS84,117.803731,30.48153,https://www.openstreetmap.org/way/930752490 | https://touch.travel.qunar.com/poi/19972082 | https://map.360.cn/?pid=17349644bae76230 | https://www.jiuhuashan.gov.cn/Content/show/773634.html,
百岁宫缆车站,transport,,117.799501,30.4814527,multi_source,osm、360,GCJ-02,117.804817,30.478951,https://map.360.cn/?pid=17349644bae76230 | https://map.360.cn/?pid=4d9dea0199f4de4e | https://www.openstreetmap.org/way/609570727 | https://m.map.360.cn/ | https://www.jiuhuashan.gov.cn/Content/show/773634.html,
花台索道上站,transport,,117.8286943,30.4852183,mapped,osm,WGS84,,,https://www.openstreetmap.org/way/930752487 | https://www.jiuhuashan.gov.cn/Content/show/773634.html,
花台索道站,transport,,117.8075773,30.5026339,mapped,osm、360,WGS84,,,https://www.openstreetmap.org/way/930752486 | https://map.360.cn/?pid=9d250f22525545c0 | https://map.360.cn/?pid=f3e0ac69ac818a8f | https://m.map.360.cn/ | https://www.jiuhuashan.gov.cn/Content/show/773634.html,
虎形山车站,transport,,117.7973049,30.4826091,mapped,osm、qunar,WGS84,,,https://www.openstreetmap.org/node/5212169597 | https://www.jiuhuashan.gov.cn/Content/show/773634.html | https://www.jiuhuashan.gov.cn/Content/show/730866.html | https://m.map.360.cn/ | https://touch.travel.qunar.com/poi/47337482,
迎仙桥车站,transport,,117.7994065,30.4846681,mapped,osm,WGS84,,,https://www.openstreetmap.org/node/13055483475 | https://www.openstreetmap.org/way/609980714 | https://www.jiuhuashan.gov.cn/Content/show/773634.html,
三天门,village,池州市青阳县九华镇219省道,117.7974812,30.4822525,platform_listing,360,GCJ-02,117.802801,30.479754,https://map.360.cn/?pid=384475baba9b07c3 | https://m.map.360.cn/,
上闵园,village,池州市青阳县九华镇219省道,117.7976303,30.465229,platform_listing,360,GCJ-02,117.802949,30.462726,https://map.360.cn/?pid=4614463fc7944ab1 | https://m.map.360.cn/ | https://www.jiuhuashan.gov.cn/Content/show/773634.html,
中闵园,village,池州市青阳县九华镇,117.8098012,30.4686781,platform_listing,360,GCJ-02,117.815091,30.466155,https://map.360.cn/?pid=fba43b7fd84ec125 | https://m.map.360.cn/,
乔庵村,village,池州市青阳县九华乡范围内,117.7964911,30.504982,platform_listing,360,GCJ-02,117.801816,30.502492,https://map.360.cn/?pid=2d08bb78dec4fdf9,
五亩冲,village,池州市青阳县五亩冲,117.817427,30.4908512,platform_listing,360,GCJ-02,117.8227,30.48832,https://map.360.cn/?pid=f1234efba8037fe0 | https://m.map.360.cn/,
五里亭,village,池州市青阳县五里亭,117.8346725,30.4741677,platform_listing,360,GCJ-02,117.8399,30.4716,https://map.360.cn/?pid=f1561607e538333d | https://m.map.360.cn/,
凤形新村,village,,117.7903755,30.4843931,derived_area,门牌地址聚合,WGS84,,,,
又一村别墅,village,池州市青阳县九华镇山风景区灯塔新村48号,117.7966662,30.4832372,platform_listing,360,GCJ-02,117.801988,30.480741,https://map.360.cn/?pid=88016d4a17c02a46,
古佛洞,village,池州市青阳县九华镇,117.820933,30.4738332,multi_source,qunar、360,GCJ-02,117.8261955,30.4712908,https://map.360.cn/?pid=e7b90c1355267b19 | https://m.map.360.cn/ | https://touch.travel.qunar.com/poi/10025293,
只民社区,village,池州市青阳县九华山镇219省道九华山风景区内,117.7910175,30.4842543,multi_source,360、geonames,GCJ-02,117.796352,30.481767,https://www.geonames.org/10800337 | https://map.360.cn/?pid=28011ee09d787589 | https://map.360.cn/?pid=2f1d35efb0d2127e | https://map.360.cn/?pid=ad600b4b310f2ad7 | https://m.map.360.cn/,
塔院,village,池州市青阳县九华镇,117.7922181,30.4889973,platform_listing,360,GCJ-02,117.79755,30.486509,https://map.360.cn/?pid=e931c61d523e8a76 | https://m.map.360.cn/,
天台湾,village,池州市青阳县九华镇,117.7855125,30.474844,platform_listing,360,GCJ-02,117.790857,30.472362,https://map.360.cn/?pid=b20b522e2beed029 | https://m.map.360.cn/,
庄屋,village,池州市青阳县九华镇,117.799968,30.4691614,platform_listing,360,GCJ-02,117.805281,30.466656,https://map.360.cn/?pid=a19c258cd6383d91 | https://m.map.360.cn/,
庙社,village,池州市青阳县庙社,117.8347944,30.4633012,platform_listing,360,GCJ-02,117.84002,30.46073,https://map.360.cn/?pid=13eb9b997b29eada | https://m.map.360.cn/,
方家里,village,池州市青阳县方家里,117.8109101,30.5037656,platform_listing,360,GCJ-02,117.8162,30.50125,https://map.360.cn/?pid=7603313f3e7abce9 | https://m.map.360.cn/,
柳树湾,village,池州市青阳县,117.814734,30.5016682,platform_listing,360,GCJ-02,117.820014,30.499145,https://map.360.cn/?pid=ac6b7646262f8d08 | https://m.map.360.cn/,
河东,village,池州市青阳县九华乡,117.7954666,30.5033796,platform_listing,360,GCJ-02,117.800793,30.500891,https://map.360.cn/?pid=22bf5406b1de0280 | https://m.map.360.cn/,
河西,village,池州市青阳县九华乡,117.792759,30.5064031,platform_listing,360,GCJ-02,117.798092,30.503919,https://map.360.cn/?pid=f4135c7ab0a4b4f7 | https://m.map.360.cn/,
灯塔新村,village,池州市青阳县九华山风景区,117.7960451,30.4846528,platform_listing,360,GCJ-02,117.801369,30.482158,https://map.360.cn/?pid=351ffe142effbcd3 | https://map.360.cn/?pid=e7a4ceca03c852b0 | https://m.map.360.cn/,
熊家,village,池州市青阳县熊家,117.8332196,30.4570595,platform_listing,360,GCJ-02,117.838449,30.45449,https://map.360.cn/?pid=45be97c3b1b1530c | https://m.map.360.cn/,
狮子洞,village,池州市青阳县陵阳镇,117.8276542,30.4763508,platform_listing,360,GCJ-02,117.8329,30.473796,https://map.360.cn/?pid=59b8770c6c16c9f1 | https://m.map.360.cn/,
猫碗里,village,池州市青阳县九华乡,117.8151967,30.4857845,platform_listing,360,GCJ-02,117.820475,30.483256,https://map.360.cn/?pid=3b797850f9d59fcd | https://m.map.360.cn/,
白云观,village,池州市青阳县九华镇,117.786315,30.4833895,platform_listing,360,GCJ-02,117.791659,30.480909,https://map.360.cn/?pid=5956aa06c4051521 | https://m.map.360.cn/,
白马新村,village,,117.7927913,30.4813661,derived_area,门牌地址聚合,WGS84,,,,
皮屋里,village,池州市青阳县,117.8360743,30.4660289,platform_listing,360,GCJ-02,117.841297,30.463456,https://map.360.cn/?pid=3fc657d53b5ad799 | https://m.map.360.cn/,
硚庵村,village,池州市青阳县九华乡,117.7944828,30.5067502,multi_source,360、geonames,GCJ-02,117.799812,30.504264,https://www.geonames.org/10799984 | https://map.360.cn/?pid=880b1e266efea1f6 | https://m.map.360.cn/,
老常住,village,池州市青阳县老常住,117.8228028,30.4664373,platform_listing,360,GCJ-02,117.82806,30.463889,https://map.360.cn/?pid=be9ea2c0839184bb | https://m.map.360.cn/,
胡家,village,池州市青阳县胡家,117.8360565,30.4724211,platform_listing,360,GCJ-02,117.84128,30.46985,https://map.360.cn/?pid=f4a06e507479c5bb | https://m.map.360.cn/,
胡家墩,village,池州市青阳县胡家墩,117.7866339,30.4996465,platform_listing,360,GCJ-02,117.791979,30.49717,https://map.360.cn/?pid=5e65cc003698d562 | https://m.map.360.cn/,
芙蓉社区,village,池州市青阳县九华镇范围内,117.7980482,30.4837087,platform_listing,360,GCJ-02,117.803367,30.48121,https://map.360.cn/?pid=1a84e9ab636476a3 | https://m.map.360.cn/,
花台,village,池州市青阳县花台,117.8302483,30.5065104,platform_listing,360,GCJ-02,117.83549,30.50396,https://map.360.cn/?pid=a15164787328a126 | https://m.map.360.cn/,
蔡家,village,池州市青阳县蔡家,117.8344338,30.4596213,platform_listing,360,GCJ-02,117.83966,30.45705,https://map.360.cn/?pid=e9c4b75e58c35822 | https://m.map.360.cn/,
西竺庵,village,池州市青阳县九华乡,117.7889779,30.4974707,platform_listing,360,GCJ-02,117.794318,30.49499,https://map.360.cn/?pid=f8e1cf975f89543d | https://m.map.360.cn/,
闵园社区,village,池州市青阳县九华镇范围内,117.8041295,30.4591912,platform_listing,360,GCJ-02,117.809432,30.456676,https://map.360.cn/?pid=ee55dbaaa044f26d | https://m.map.360.cn/,
香炉石,village,池州市青阳县九华镇,117.7909726,30.4826979,platform_listing,360,GCJ-02,117.796307,30.48021,https://map.360.cn/?pid=0b212ca63ffbefb8 | https://m.map.360.cn/,
黄泥冲,village,池州市青阳县九华镇,117.7930498,30.485587,platform_listing,360,GCJ-02,117.79838,30.483097,https://map.360.cn/?pid=5ed3a9d9fd1e3d2b | https://m.map.360.cn/,
齐家,village,池州市青阳县齐家,117.784932,30.4937358,platform_listing,360,GCJ-02,117.79028,30.49126,https://map.360.cn/?pid=1f763dff5365f4d6 | https://m.map.360.cn/,
